TIME_UTC_SECONDS;TIME_UTC_STR;AIR_TEMP;TRACK_TEMP;HUMIDITY;PRESSURE;WIND_SPEED;WIND_DIRECTION;
1542510012;11/18/2018 3:00:12 AM;11.4444;13.3333;92;1019.78;9.65606;26;
1542510023;11/18/2018 3:00:23 AM;11.4444;13.3333;92;1019.68;5.30467;11;
1542510077;11/18/2018 3:01:17 AM;11.4444;13.3333;92;1019.78;8.04672;27;
1542510083;11/18/2018 3:01:23 AM;11.4444;13.3333;92;1019.68;5.30467;27;
1542510141;11/18/2018 3:02:21 AM;11.5;13.3333;92;1019.75;6.43738;19;
1542510143;11/18/2018 3:02:23 AM;11.4444;13.3333;92;1019.68;4.24374;23;
1542510203;11/18/2018 3:03:23 AM;11.5;13.3333;93;1019.64;5.30467;13;
1542510208;11/18/2018 3:03:28 AM;11.5;13.3333;93;1019.75;8.04672;26;
1542510263;11/18/2018 3:04:23 AM;11.4444;13.3333;92;1019.61;9.54841;346;
1542510271;11/18/2018 3:04:31 AM;11.5;13.3333;93;1019.75;6.43738;27;
1542510323;11/18/2018 3:05:23 AM;11.5;13.3333;92;1019.57;6.3656;9;
1542510338;11/18/2018 3:05:38 AM;11.4444;13.3333;92;1019.68;9.65606;15;
1542510383;11/18/2018 3:06:23 AM;11.5;13.3333;92;1019.51;4.24374;21;
1542510403;11/18/2018 3:06:43 AM;11.5;13.3333;92;1019.65;12.8748;5;
1542510444;11/18/2018 3:07:24 AM;11.5;13.3333;92;1019.54;5.30467;17;
1542510468;11/18/2018 3:07:48 AM;11.5;13.3333;92;1019.65;11.2654;5;
1542510504;11/18/2018 3:08:24 AM;11.5;13.3333;92;1019.47;7.42654;26;
1542510533;11/18/2018 3:08:53 AM;11.5;13.3333;92;1019.58;6.43738;5;
1542510564;11/18/2018 3:09:24 AM;11.5;13.3333;93;1019.44;3.1828;343;
1542510597;11/18/2018 3:09:57 AM;11.5;13.3333;93;1019.54;9.65606;355;
1542510624;11/18/2018 3:10:24 AM;11.5;13.3333;93;1019.47;3.1828;9;
1542510663;11/18/2018 3:11:03 AM;11.5;13.3333;93;1019.58;6.43738;22;
1542510684;11/18/2018 3:11:24 AM;11.5;13.3333;93;1019.4;3.1828;351;
1542510728;11/18/2018 3:12:08 AM;11.5;13.3333;93;1019.51;4.82803;5;
1542510744;11/18/2018 3:12:24 AM;11.5;13.3333;93;1019.34;4.24374;5;
1542510794;11/18/2018 3:13:14 AM;11.5556;13.3333;93;1019.48;6.43738;5;
1542510804;11/18/2018 3:13:24 AM;11.5556;13.3333;93;1019.37;3.1828;360;
1542510859;11/18/2018 3:14:19 AM;11.5556;13.3333;93;1019.44;9.65606;36;
1542510864;11/18/2018 3:14:24 AM;11.5556;13.3333;93;1019.3;6.3656;36;
1542510924;11/18/2018 3:15:24 AM;11.5556;13.3333;93;1019.48;6.43738;17;
1542510984;11/18/2018 3:16:24 AM;11.5556;13.3333;93;1019.3;5.30467;24;
1542510989;11/18/2018 3:16:29 AM;11.5556;13.3333;93;1019.48;6.43738;13;
1542511045;11/18/2018 3:17:25 AM;11.5556;13.3333;93;1019.34;4.24374;5;
1542511054;11/18/2018 3:17:34 AM;11.5556;13.3333;93;1019.54;8.04672;11;
1542511105;11/18/2018 3:18:25 AM;11.5556;13.3333;93;1019.37;3.1828;19;
1542511119;11/18/2018 3:18:39 AM;11.5556;13.3333;93;1019.48;8.04672;5;
1542511165;11/18/2018 3:19:25 AM;11.5556;13.3333;93;1019.4;6.3656;15;
1542511184;11/18/2018 3:19:44 AM;11.5556;13.3333;93;1019.44;4.82803;14;
1542511225;11/18/2018 3:20:25 AM;11.5556;13.3333;93;1019.34;6.3656;29;
1542511249;11/18/2018 3:20:49 AM;11.5556;13.3333;93;1019.44;4.82803;288;
1542511285;11/18/2018 3:21:25 AM;11.5556;13.3333;93;1019.3;8.48747;346;
1542511314;11/18/2018 3:21:54 AM;11.5556;13.3333;93;1019.37;8.04672;344;
1542511345;11/18/2018 3:22:25 AM;11.5556;13.3333;93;1019.3;6.3656;32;
1542511378;11/18/2018 3:22:58 AM;11.6111;13.3333;93;1019.34;1.60934;28;
1542511405;11/18/2018 3:23:25 AM;11.5556;13.3333;93;1019.3;5.30467;42;
1542511444;11/18/2018 3:24:04 AM;11.5556;13.3333;93;1019.37;3.21869;355;
1542511465;11/18/2018 3:24:25 AM;11.6111;13.3333;93;1019.2;3.1828;5;
1542511510;11/18/2018 3:25:10 AM;11.6111;13.3333;93;1019.34;4.82803;15;
1542511525;11/18/2018 3:25:25 AM;11.5556;13.3333;93;1019.17;2.12187;27;
1542511575;11/18/2018 3:26:15 AM;11.6111;13.3333;93;1019.24;6.43738;355;
1542511585;11/18/2018 3:26:25 AM;11.6111;13.3333;93;1019.17;3.1828;5;
1542511640;11/18/2018 3:27:20 AM;11.6111;13.3333;93;1019.2;11.2654;5;
1542511645;11/18/2018 3:27:25 AM;11.6111;13.3333;93;1019.17;7.42654;5;
1542511703;11/18/2018 3:28:23 AM;11.5556;13.3333;93;1019.27;6.43738;360;
1542511706;11/18/2018 3:28:26 AM;11.5556;13.3333;93;1019.1;5.30467;360;
1542511766;11/18/2018 3:29:26 AM;11.5556;13.3333;93;1019.17;3.1828;5;
1542511770;11/18/2018 3:29:30 AM;11.5556;13.3333;93;1019.24;4.82803;360;
1542511826;11/18/2018 3:30:26 AM;11.5556;13.3333;93;1019.1;4.24374;355;
1542511835;11/18/2018 3:30:35 AM;11.5556;13.3333;93;1019.17;9.65606;5;
1542511886;11/18/2018 3:31:26 AM;11.5556;13.3333;93;1019.1;4.24374;5;
1542511900;11/18/2018 3:31:40 AM;11.5556;13.3333;93;1019.2;3.21869;20;
1542511946;11/18/2018 3:32:26 AM;11.5556;13.3333;93;1019.07;3.1828;19;
1542511965;11/18/2018 3:32:45 AM;11.5556;13.3333;93;1019.2;8.04672;13;
1542512006;11/18/2018 3:33:26 AM;11.6111;13.3333;93;1019.03;3.1828;360;
1542512029;11/18/2018 3:33:49 AM;11.6111;13.3333;93;1019.14;8.04672;5;
1542512066;11/18/2018 3:34:26 AM;11.5556;13.3333;93;1019.03;7.42654;27;
1542512095;11/18/2018 3:34:55 AM;11.5556;13.3333;93;1019.14;8.04672;344;
1542512126;11/18/2018 3:35:26 AM;11.5556;13.3333;93;1019;3.1828;310;
1542512161;11/18/2018 3:36:01 AM;11.5556;13.3333;93;1019.14;8.04672;11;
1542512186;11/18/2018 3:36:26 AM;11.5556;13.3333;93;1019.07;6.3656;9;
1542512226;11/18/2018 3:37:06 AM;11.5556;13.3333;93;1019.14;8.04672;13;
1542512246;11/18/2018 3:37:26 AM;11.5556;13.3333;93;1019.07;5.30467;27;
1542512291;11/18/2018 3:38:11 AM;11.6111;13.3333;93;1019.17;12.8748;34;
1542512306;11/18/2018 3:38:26 AM;11.5556;13.3333;92;1019.03;7.42654;11;
1542512354;11/18/2018 3:39:14 AM;11.5556;13.3333;92;1019.14;8.04672;26;
1542512367;11/18/2018 3:39:27 AM;11.5556;13.3333;92;1018.96;5.30467;23;
1542512421;11/18/2018 3:40:21 AM;11.5556;13.3333;92;1019.1;8.04672;11;
1542512427;11/18/2018 3:40:27 AM;11.5556;13.3333;92;1019;5.30467;11;
1542512486;11/18/2018 3:41:26 AM;11.5556;13.3333;93;1019;9.65606;16;
1542512487;11/18/2018 3:41:27 AM;11.5556;13.3333;93;1018.96;6.3656;20;
1542512547;11/18/2018 3:42:27 AM;11.5556;13.3333;93;1018.96;6.3656;16;
1542512551;11/18/2018 3:42:31 AM;11.5556;13.3333;93;1019.04;9.65606;17;
1542512607;11/18/2018 3:43:27 AM;11.5556;13.3333;93;1018.9;6.3656;10;
1542512616;11/18/2018 3:43:36 AM;11.5556;13.3333;92;1019.04;8.04672;11;
1542512667;11/18/2018 3:44:27 AM;11.5;13.3333;92;1018.9;4.24374;22;
1542512680;11/18/2018 3:44:40 AM;11.5;13.3333;92;1019.04;6.43738;24;
1542512727;11/18/2018 3:45:27 AM;11.5;13.3333;92;1018.9;3.1828;41;
1542512747;11/18/2018 3:45:47 AM;11.5;13.3333;92;1018.97;8.04672;26;
1542512787;11/18/2018 3:46:27 AM;11.5556;13.3333;93;1018.8;3.1828;14;
1542512812;11/18/2018 3:46:52 AM;11.5556;13.3333;93;1018.9;9.65606;12;
1542512847;11/18/2018 3:47:27 AM;11.5556;13.3333;93;1018.76;4.24374;16;
1542512877;11/18/2018 3:47:57 AM;11.5;13.3333;93;1018.9;6.43738;46;
1542512907;11/18/2018 3:48:27 AM;11.5556;13.3333;93;1018.73;4.24374;5;
1542512942;11/18/2018 3:49:02 AM;11.5556;13.3333;93;1018.9;4.82803;5;
1542512967;11/18/2018 3:49:27 AM;11.5;13.3333;93;1018.73;2.12187;9;
1542513006;11/18/2018 3:50:06 AM;11.5;13.3333;93;1018.87;4.82803;26;
1542513028;11/18/2018 3:50:28 AM;11.5556;13.3333;93;1018.69;2.12187;23;
1542513072;11/18/2018 3:51:12 AM;11.5556;13.3333;93;1018.8;4.82803;25;
1542513088;11/18/2018 3:51:28 AM;11.5556;13.3333;93;1018.66;5.30467;32;
1542513137;11/18/2018 3:52:17 AM;11.5556;13.3333;93;1018.7;8.04672;9;
1542513148;11/18/2018 3:52:28 AM;11.5556;13.3333;93;1018.59;5.30467;12;
1542513202;11/18/2018 3:53:22 AM;11.5556;13.3333;93;1018.7;3.21869;29;
1542513208;11/18/2018 3:53:28 AM;11.5556;13.3333;93;1018.63;2.12187;29;
1542513267;11/18/2018 3:54:27 AM;11.5556;13.3333;93;1018.63;9.65606;24;
1542513268;11/18/2018 3:54:28 AM;11.5556;13.3333;93;1018.52;6.3656;15;
1542513328;11/18/2018 3:55:28 AM;11.5556;13.3333;93;1018.49;2.12187;43;
1542513332;11/18/2018 3:55:32 AM;11.5556;13.3333;93;1018.56;8.04672;36;
1542513388;11/18/2018 3:56:28 AM;11.5556;13.3333;93;1018.49;3.1828;31;
1542513397;11/18/2018 3:56:37 AM;11.5556;13.3333;93;1018.6;3.21869;31;
1542513448;11/18/2018 3:57:28 AM;11.5556;13.3333;93;1018.49;3.1828;23;
1542513463;11/18/2018 3:57:43 AM;11.5556;13.3333;93;1018.63;4.82803;24;
1542513508;11/18/2018 3:58:28 AM;11.5556;13.3333;93;1018.46;1.06093;24;
1542513528;11/18/2018 3:58:48 AM;11.6111;13.3333;93;1018.63;3.21869;11;
1542513568;11/18/2018 3:59:28 AM;11.6111;13.3333;93;1018.52;3.1828;10;
1542513593;11/18/2018 3:59:53 AM;11.6111;13.3333;93;1018.66;6.43738;11;
1542513628;11/18/2018 4:00:28 AM;11.6111;13.3333;93;1018.49;3.1828;27;
1542513657;11/18/2018 4:00:57 AM;11.6111;13.3333;93;1018.63;6.43738;21;
1542513689;11/18/2018 4:01:29 AM;11.6111;13.3333;93;1018.46;4.24374;11;
1542513723;11/18/2018 4:02:03 AM;11.5556;13.3333;93;1018.6;4.82803;12;
1542513749;11/18/2018 4:02:29 AM;11.6111;13.3333;93;1018.46;3.1828;5;
1542513787;11/18/2018 4:03:07 AM;11.6111;13.3333;93;1018.56;4.82803;355;
1542513809;11/18/2018 4:03:29 AM;11.6111;13.3333;93;1018.46;2.12187;355;
1542513853;11/18/2018 4:04:13 AM;11.6111;13.3333;93;1018.6;3.21869;5;
1542513869;11/18/2018 4:04:29 AM;11.6111;13.3333;93;1018.42;3.1828;349;
1542513918;11/18/2018 4:05:18 AM;11.6111;13.3333;93;1018.56;9.65606;5;
1542513929;11/18/2018 4:05:29 AM;11.6111;13.3333;93;1018.42;4.24374;31;
1542513983;11/18/2018 4:06:23 AM;11.6111;13.3333;93;1018.66;1.60934;16;
1542513989;11/18/2018 4:06:29 AM;11.6667;13.3333;93;1018.46;2.12187;16;
1542514049;11/18/2018 4:07:29 AM;11.6667;13.3333;93;1018.66;11.2654;5;
1542514109;11/18/2018 4:08:29 AM;11.6667;13.3333;93;1018.52;7.42654;17;
1542514112;11/18/2018 4:08:32 AM;11.6667;13.3333;93;1018.66;11.2654;355;
1542514169;11/18/2018 4:09:29 AM;11.6667;13.3333;93;1018.56;6.3656;11;
1542514179;11/18/2018 4:09:39 AM;11.6667;13.3333;93;1018.7;6.43738;21;
1542514229;11/18/2018 4:10:29 AM;11.6111;13.3333;93;1018.56;4.24374;14;
1542514244;11/18/2018 4:10:44 AM;11.6667;13.3333;93;1018.73;8.04672;22;
1542514290;11/18/2018 4:11:30 AM;11.6667;13.3333;93;1018.63;4.24374;320;
1542514309;11/18/2018 4:11:49 AM;11.6667;13.3333;93;1018.76;3.21869;26;
1542514350;11/18/2018 4:12:30 AM;11.6667;13.3333;93;1018.63;1.06093;26;
1542514374;11/18/2018 4:12:54 AM;11.6667;13.3333;93;1018.8;4.82803;10;
1542514410;11/18/2018 4:13:30 AM;11.6667;13.3333;93;1018.69;3.1828;11;
1542514438;11/18/2018 4:13:58 AM;11.7222;13.3333;93;1018.8;6.43738;304;
1542514470;11/18/2018 4:14:30 AM;11.6667;13.3333;93;1018.69;3.1828;337;
1542514504;11/18/2018 4:15:04 AM;11.7222;13.3333;93;1018.8;6.43738;5;
1542514530;11/18/2018 4:15:30 AM;11.7222;13.3333;93;1018.69;2.12187;271;
1542514569;11/18/2018 4:16:09 AM;11.7222;13.3333;93;1018.83;1.60934;350;
1542514590;11/18/2018 4:16:30 AM;11.7222;13.3333;93;1018.69;5.30467;23;
1542514635;11/18/2018 4:17:15 AM;11.7222;13.3333;93;1018.83;3.21869;340;
1542514650;11/18/2018 4:17:30 AM;11.7222;13.3333;93;1018.73;2.12187;338;
1542514700;11/18/2018 4:18:20 AM;11.7222;13.3333;93;1018.87;4.82803;287;
1542514710;11/18/2018 4:18:30 AM;11.7222;13.3333;93;1018.73;3.1828;277;
1542514763;11/18/2018 4:19:23 AM;11.7222;13.3333;93;1018.9;6.43738;10;
1542514770;11/18/2018 4:19:30 AM;11.7222;13.3333;93;1018.73;4.24374;10;
1542514830;11/18/2018 4:20:30 AM;11.7778;13.3333;93;1018.87;1.60934;320;
1542514890;11/18/2018 4:21:30 AM;11.7778;13.3333;93;1018.76;1.06093;219;
1542514895;11/18/2018 4:21:35 AM;11.7778;13.3333;93;1018.87;1.60934;257;
1542514951;11/18/2018 4:22:31 AM;11.7778;13.3333;93;1018.76;6.3656;24;
1542514960;11/18/2018 4:22:40 AM;11.7778;13.3333;93;1018.87;8.04672;21;
1542515011;11/18/2018 4:23:31 AM;11.7778;13.3333;93;1018.73;4.24374;24;
1542515025;11/18/2018 4:23:45 AM;11.7222;13.3333;93;1018.83;11.2654;351;
1542515071;11/18/2018 4:24:31 AM;11.7778;13.3333;93;1018.73;2.12187;360;
1542515089;11/18/2018 4:24:49 AM;11.7778;13.3333;93;1018.83;8.04672;350;
1542515131;11/18/2018 4:25:31 AM;11.7222;13.3333;93;1018.73;4.24374;339;
1542515155;11/18/2018 4:25:55 AM;11.7778;13.3333;93;1018.8;3.21869;294;
1542515191;11/18/2018 4:26:31 AM;11.7778;13.3333;93;1018.66;7.42654;26;
1542515220;11/18/2018 4:27:00 AM;11.7222;13.3333;93;1018.8;9.65606;19;
1542515251;11/18/2018 4:27:31 AM;11.7778;13.3333;93;1018.69;4.24374;5;
1542515286;11/18/2018 4:28:06 AM;11.7778;13.3333;93;1018.76;3.21869;360;
1542515311;11/18/2018 4:28:31 AM;11.7222;13.3333;93;1018.59;2.12187;13;
1542515351;11/18/2018 4:29:11 AM;11.7778;13.3333;93;1018.76;3.21869;221;
1542515371;11/18/2018 4:29:31 AM;11.7778;13.3333;93;1018.59;1.06093;232;
1542515414;11/18/2018 4:30:14 AM;11.7778;13.3333;93;1018.7;8.04672;19;
1542515431;11/18/2018 4:30:31 AM;11.7222;13.3333;93;1018.46;3.1828;321;
1542515481;11/18/2018 4:31:21 AM;11.7778;13.3333;93;1018.66;6.43738;297;
1542515491;11/18/2018 4:31:31 AM;11.7778;13.3333;93;1018.52;2.12187;297;
1542515546;11/18/2018 4:32:26 AM;11.7222;13.3333;93;1018.63;3.21869;279;
1542515551;11/18/2018 4:32:31 AM;11.7222;13.3333;93;1018.52;2.12187;279;
1542515611;11/18/2018 4:33:31 AM;11.7222;13.3333;93;1018.66;9.65606;5;
1542515612;11/18/2018 4:33:32 AM;11.7222;13.3333;93;1018.49;6.3656;20;
1542515672;11/18/2018 4:34:32 AM;11.7222;13.3333;93;1018.49;7.42654;13;
1542515676;11/18/2018 4:34:36 AM;11.6667;13.3333;93;1018.7;6.43738;344;
1542515732;11/18/2018 4:35:32 AM;11.6667;13.3333;93;1018.49;5.30467;42;
1542515740;11/18/2018 4:35:40 AM;11.6667;13.3333;93;1018.63;12.8748;350;
1542515792;11/18/2018 4:36:32 AM;11.6667;13.3333;93;1018.52;4.24374;39;
1542515806;11/18/2018 4:36:46 AM;11.6667;13.3333;93;1018.6;9.65606;31;
1542515852;11/18/2018 4:37:32 AM;11.6667;13.3333;93;1018.49;1.06093;24;
1542515871;11/18/2018 4:37:51 AM;11.6667;13.3333;93;1018.6;6.43738;28;
1542515912;11/18/2018 4:38:32 AM;11.6667;13.3333;93;1018.39;3.1828;23;
1542515936;11/18/2018 4:38:56 AM;11.6667;13.3333;93;1018.53;4.82803;355;
1542515972;11/18/2018 4:39:32 AM;11.6667;13.3333;93;1018.39;2.12187;5;
1542516002;11/18/2018 4:40:02 AM;11.6667;13.3333;93;1018.46;9.65606;26;
1542516032;11/18/2018 4:40:32 AM;11.6667;13.3333;93;1018.29;7.42654;14;
1542516065;11/18/2018 4:41:05 AM;11.6667;13.3333;93;1018.43;8.04672;292;
1542516092;11/18/2018 4:41:32 AM;11.6667;13.3333;93;1018.35;2.12187;324;
1542516132;11/18/2018 4:42:12 AM;11.6667;13.3333;93;1018.49;0;21;
1542516152;11/18/2018 4:42:32 AM;11.6667;13.3333;93;1018.35;3.1828;21;
1542516197;11/18/2018 4:43:17 AM;11.6667;13.3333;93;1018.53;1.60934;360;
1542516212;11/18/2018 4:43:32 AM;11.6667;13.3333;93;1018.35;1.06093;298;
1542516262;11/18/2018 4:44:22 AM;11.6667;13.3333;93;1018.49;6.43738;5;
1542516273;11/18/2018 4:44:33 AM;11.6667;13.3333;93;1018.39;3.1828;44;
1542516327;11/18/2018 4:45:27 AM;11.6667;13.3333;93;1018.53;11.2654;20;
1542516333;11/18/2018 4:45:33 AM;11.6667;13.3333;93;1018.39;7.42654;20;
1542516391;11/18/2018 4:46:31 AM;11.6667;13.3333;93;1018.53;9.65606;29;
1542516393;11/18/2018 4:46:33 AM;11.6667;13.3333;93;1018.39;4.24374;21;
1542516453;11/18/2018 4:47:33 AM;11.6667;13.3333;92;1018.39;3.1828;19;
1542516457;11/18/2018 4:47:37 AM;11.6667;13.3333;92;1018.49;4.82803;11;
1542516513;11/18/2018 4:48:33 AM;11.6667;13.3333;93;1018.39;3.1828;42;
1542516521;11/18/2018 4:48:41 AM;11.6667;13.3333;93;1018.53;1.60934;63;
1542516573;11/18/2018 4:49:33 AM;11.6667;13.3333;92;1018.39;3.1828;5;
1542516588;11/18/2018 4:49:48 AM;11.6667;13.3333;92;1018.53;4.82803;16;
1542516633;11/18/2018 4:50:33 AM;11.6667;13.3333;92;1018.42;6.3656;17;
1542516653;11/18/2018 4:50:53 AM;11.6667;13.3333;92;1018.6;11.2654;20;
1542516693;11/18/2018 4:51:33 AM;11.6111;13.3333;92;1018.42;5.30467;37;
1542516716;11/18/2018 4:51:56 AM;11.6111;13.3333;92;1018.53;4.82803;19;
1542516753;11/18/2018 4:52:33 AM;11.6667;13.3333;92;1018.42;1.06093;318;
1542516783;11/18/2018 4:53:03 AM;11.6667;13.3333;92;1018.53;8.04672;5;
1542516813;11/18/2018 4:53:33 AM;11.6111;13.3333;92;1018.42;2.12187;360;
1542516846;11/18/2018 4:54:06 AM;11.6667;13.3333;92;1018.56;8.04672;11;
1542516873;11/18/2018 4:54:33 AM;11.6667;13.3333;92;1018.42;3.1828;355;
1542516913;11/18/2018 4:55:13 AM;11.6667;13.3333;92;1018.56;6.43738;9;
1542516934;11/18/2018 4:55:34 AM;11.6667;13.3333;92;1018.42;7.42654;9;
1542516978;11/18/2018 4:56:18 AM;11.6667;13.3333;92;1018.53;3.21869;355;
1542516994;11/18/2018 4:56:34 AM;11.6667;13.3333;92;1018.42;2.12187;14;
1542517042;11/18/2018 4:57:22 AM;11.6667;13.3333;92;1018.49;9.65606;13;
1542517054;11/18/2018 4:57:34 AM;11.6667;13.3333;92;1018.35;7.42654;5;
1542517108;11/18/2018 4:58:28 AM;11.6111;13.3333;92;1018.43;9.65606;20;
1542517114;11/18/2018 4:58:34 AM;11.6111;13.3333;92;1018.29;6.3656;20;
1542517172;11/18/2018 4:59:32 AM;11.6111;13.3333;92;1018.39;4.82803;355;
1542517174;11/18/2018 4:59:34 AM;11.6667;13.3333;92;1018.29;4.24374;14;
1542517234;11/18/2018 5:00:34 AM;11.6111;13.3333;92;1018.29;3.1828;5;
1542517239;11/18/2018 5:00:39 AM;11.6111;13.3333;92;1018.43;6.43738;5;
1542517294;11/18/2018 5:01:34 AM;11.6667;13.3333;92;1018.19;5.30467;24;
1542517304;11/18/2018 5:01:44 AM;11.6667;13.3333;92;1018.32;4.82803;22;
1542517354;11/18/2018 5:02:34 AM;11.6667;13.3333;92;1018.22;5.30467;360;
1542517367;11/18/2018 5:02:47 AM;11.6667;13.3333;92;1018.39;6.43738;14;
1542517414;11/18/2018 5:03:34 AM;11.6667;13.3333;92;1018.25;3.1828;43;
1542517434;11/18/2018 5:03:54 AM;11.6667;13.3333;92;1018.39;9.65606;11;
1542517474;11/18/2018 5:04:34 AM;11.6667;13.3333;92;1018.22;2.12187;49;
1542517497;11/18/2018 5:04:57 AM;11.6667;13.3333;92;1018.32;4.82803;23;
1542517534;11/18/2018 5:05:34 AM;11.6667;13.3333;92;1018.19;4.24374;305;
1542517564;11/18/2018 5:06:04 AM;11.6667;13.3333;92;1018.32;3.21869;26;
1542517595;11/18/2018 5:06:35 AM;11.6667;13.3333;93;1018.15;3.1828;350;
1542517629;11/18/2018 5:07:09 AM;11.7222;13.3333;93;1018.26;12.8748;350;
1542517655;11/18/2018 5:07:35 AM;11.7222;13.3333;92;1018.08;6.3656;5;
1542517693;11/18/2018 5:08:13 AM;11.7222;13.3333;92;1018.19;11.2654;348;
1542517715;11/18/2018 5:08:35 AM;11.6667;13.3333;92;1018.05;5.30467;30;
1542517759;11/18/2018 5:09:19 AM;11.7222;13.3333;92;1018.12;3.21869;15;
1542517775;11/18/2018 5:09:35 AM;11.6667;13.3333;92;1018.05;4.24374;16;
1542517823;11/18/2018 5:10:23 AM;11.6667;13.3333;92;1018.12;4.82803;14;
1542517835;11/18/2018 5:10:35 AM;11.6667;13.3333;92;1017.98;3.1828;13;
1542517890;11/18/2018 5:11:30 AM;11.6667;13.3333;92;1018.09;8.04672;46;
1542517895;11/18/2018 5:11:35 AM;11.6667;13.3333;92;1017.91;5.30467;46;
1542517955;11/18/2018 5:12:35 AM;11.6667;13.3333;92;1018.16;6.43738;13;
1542518015;11/18/2018 5:13:35 AM;11.6667;13.3333;92;1018.02;3.1828;34;
1542518018;11/18/2018 5:13:38 AM;11.6667;13.3333;92;1018.12;4.82803;340;
1542518075;11/18/2018 5:14:35 AM;11.6667;13.3333;92;1017.98;5.30467;18;
1542518085;11/18/2018 5:14:45 AM;11.6667;13.3333;92;1018.12;6.43738;37;
1542518135;11/18/2018 5:15:35 AM;11.6667;13.3333;92;1017.95;5.30467;13;
1542518149;11/18/2018 5:15:49 AM;11.6667;13.3333;92;1018.09;4.82803;9;
1542518196;11/18/2018 5:16:36 AM;11.6667;13.3333;92;1017.98;6.3656;355;
1542518215;11/18/2018 5:16:55 AM;11.7222;13.3333;93;1018.09;8.04672;30;
1542518256;11/18/2018 5:17:36 AM;11.7222;13.3333;93;1017.98;4.24374;24;
1542518280;11/18/2018 5:18:00 AM;11.7222;13.3333;93;1018.09;6.43738;355;
1542518316;11/18/2018 5:18:36 AM;11.7778;13.3333;93;1017.95;2.12187;11;
1542518344;11/18/2018 5:19:04 AM;11.7778;13.3333;93;1018.05;4.82803;13;
1542518376;11/18/2018 5:19:36 AM;11.7778;13.3333;93;1017.91;2.12187;33;
1542518410;11/18/2018 5:20:10 AM;11.7778;13.3333;93;1018.02;6.43738;5;
1542518436;11/18/2018 5:20:36 AM;11.7778;13.3333;93;1017.88;4.24374;360;
1542518474;11/18/2018 5:21:14 AM;11.7778;13.3333;93;1018.02;9.65606;360;
1542518496;11/18/2018 5:21:36 AM;11.7778;13.3333;93;1017.91;8.48747;9;
1542518541;11/18/2018 5:22:21 AM;11.7222;13.3333;92;1017.95;6.43738;23;
1542518556;11/18/2018 5:22:36 AM;11.7222;13.3333;92;1017.85;3.1828;347;
1542518606;11/18/2018 5:23:26 AM;11.7222;13.3333;92;1017.99;8.04672;20;
1542518616;11/18/2018 5:23:36 AM;11.7222;13.3333;92;1017.85;3.1828;20;
1542518669;11/18/2018 5:24:29 AM;11.7222;13.3333;93;1017.88;11.2654;327;
1542518676;11/18/2018 5:24:36 AM;11.7222;13.3333;93;1017.81;5.30467;360;
1542518736;11/18/2018 5:25:36 AM;11.7222;13.3333;93;1017.82;8.04672;44;
1542518796;11/18/2018 5:26:36 AM;11.7222;13.3333;93;1017.68;4.24374;12;
1542518801;11/18/2018 5:26:41 AM;11.7222;13.3333;93;1017.78;6.43738;12;
1542518857;11/18/2018 5:27:37 AM;11.7222;13.3333;92;1017.68;5.30467;9;
1542518866;11/18/2018 5:27:46 AM;11.7222;13.3333;93;1017.78;8.04672;15;
1542518917;11/18/2018 5:28:37 AM;11.6667;13.3333;92;1017.61;4.24374;11;
1542518930;11/18/2018 5:28:50 AM;11.7222;13.3333;92;1017.75;11.2654;17;
1542518977;11/18/2018 5:29:37 AM;11.6667;13.3333;92;1017.58;8.48747;341;
1542518995;11/18/2018 5:29:55 AM;11.6667;13.3333;92;1017.75;9.65606;355;
1542519037;11/18/2018 5:30:37 AM;11.6667;13.3333;92;1017.61;4.24374;335;
1542519061;11/18/2018 5:31:01 AM;11.6667;13.3333;92;1017.75;4.82803;355;
1542519097;11/18/2018 5:31:37 AM;11.6667;13.3333;92;1017.68;6.3656;11;
1542519127;11/18/2018 5:32:07 AM;11.6667;13.3333;92;1017.78;6.43738;21;
1542519157;11/18/2018 5:32:37 AM;11.6667;13.3333;92;1017.71;5.30467;348;
1542519192;11/18/2018 5:33:12 AM;11.6667;13.3333;92;1017.82;4.82803;24;
1542519217;11/18/2018 5:33:37 AM;11.6667;13.3333;92;1017.71;3.1828;13;
1542519255;11/18/2018 5:34:15 AM;11.6667;13.3333;92;1017.88;6.43738;29;
1542519277;11/18/2018 5:34:37 AM;11.6667;13.3333;92;1017.78;6.3656;15;
1542519320;11/18/2018 5:35:20 AM;11.6667;13.3333;92;1017.88;8.04672;24;
1542519337;11/18/2018 5:35:37 AM;11.6667;13.3333;92;1017.81;4.24374;5;
1542519387;11/18/2018 5:36:27 AM;11.6667;13.3333;92;1017.92;8.04672;19;
1542519397;11/18/2018 5:36:37 AM;11.6667;13.3333;92;1017.88;7.42654;53;
1542519452;11/18/2018 5:37:32 AM;11.7222;13.3333;92;1017.92;8.04672;360;
1542519457;11/18/2018 5:37:37 AM;11.7222;13.3333;92;1017.85;6.3656;13;
1542519517;11/18/2018 5:38:37 AM;11.7222;13.3333;92;1017.99;4.82803;14;
1542519518;11/18/2018 5:38:38 AM;11.7222;13.3333;92;1017.85;3.1828;14;
1542519578;11/18/2018 5:39:38 AM;11.7222;13.3333;92;1017.88;4.24374;17;
1542519581;11/18/2018 5:39:41 AM;11.7222;13.3333;93;1017.99;4.82803;24;
1542519638;11/18/2018 5:40:38 AM;11.7778;13.3333;93;1017.85;3.1828;38;
1542519646;11/18/2018 5:40:46 AM;11.7778;13.3333;93;1017.92;6.43738;28;
1542519698;11/18/2018 5:41:38 AM;11.7778;13.3333;93;1017.81;2.12187;360;
1542519712;11/18/2018 5:41:52 AM;11.7778;13.3333;93;1017.85;12.8748;5;
1542519758;11/18/2018 5:42:38 AM;11.7778;13.3333;92;1017.75;5.30467;17;
1542519778;11/18/2018 5:42:58 AM;11.7778;13.3333;92;1017.78;9.65606;28;
1542519818;11/18/2018 5:43:38 AM;11.7778;13.3333;92;1017.61;7.42654;5;
1542519843;11/18/2018 5:44:03 AM;11.7778;13.3333;92;1017.68;6.43738;10;
1542519878;11/18/2018 5:44:38 AM;11.7778;13.3333;92;1017.58;3.1828;32;
1542519906;11/18/2018 5:45:06 AM;11.7778;13.3333;92;1017.75;8.04672;349;
1542519938;11/18/2018 5:45:38 AM;11.7778;13.3333;92;1017.61;4.24374;24;
1542519971;11/18/2018 5:46:11 AM;11.7778;13.3333;92;1017.71;4.82803;32;
1542519998;11/18/2018 5:46:38 AM;11.8333;13.3333;92;1017.64;5.30467;11;
1542520038;11/18/2018 5:47:18 AM;11.7778;13.3333;92;1017.82;6.43738;47;
1542520058;11/18/2018 5:47:38 AM;11.8333;13.3333;92;1017.71;4.24374;27;
1542520103;11/18/2018 5:48:23 AM;11.8333;13.3333;92;1017.75;8.04672;24;
1542520118;11/18/2018 5:48:38 AM;11.8333;13.3333;92;1017.61;5.30467;360;
1542520168;11/18/2018 5:49:28 AM;11.8333;13.3333;92;1017.71;8.04672;22;
1542520179;11/18/2018 5:49:39 AM;11.8333;13.3333;92;1017.61;5.30467;15;
1542520232;11/18/2018 5:50:32 AM;11.8333;13.3333;92;1017.78;6.43738;14;
1542520239;11/18/2018 5:50:39 AM;11.8333;13.3333;92;1017.64;4.24374;14;
1542520297;11/18/2018 5:51:37 AM;11.8333;13.3333;92;1017.75;8.04672;24;
1542520299;11/18/2018 5:51:39 AM;11.8333;13.3333;92;1017.68;5.30467;22;
1542520359;11/18/2018 5:52:39 AM;11.8333;13.3333;92;1017.58;4.24374;13;
1542520363;11/18/2018 5:52:43 AM;11.8333;13.3333;92;1017.75;3.21869;27;
1542520419;11/18/2018 5:53:39 AM;11.8333;13.3333;92;1017.58;5.30467;59;
1542520429;11/18/2018 5:53:49 AM;11.8333;13.3333;92;1017.75;11.2654;37;
1542520479;11/18/2018 5:54:39 AM;11.8333;13.3333;92;1017.58;7.42654;14;
1542520494;11/18/2018 5:54:54 AM;11.8333;13.3333;92;1017.68;4.82803;71;
1542520539;11/18/2018 5:55:39 AM;11.8333;13.3333;92;1017.61;4.24374;39;
1542520557;11/18/2018 5:55:57 AM;11.8333;13.3333;92;1017.68;8.04672;360;
1542520599;11/18/2018 5:56:39 AM;11.8333;13.3333;92;1017.58;5.30467;13;
1542520622;11/18/2018 5:57:02 AM;11.8333;13.3333;92;1017.68;11.2654;17;
1542520659;11/18/2018 5:57:39 AM;11.8333;13.3333;92;1017.51;5.30467;360;
1542520689;11/18/2018 5:58:09 AM;11.8333;13.3333;92;1017.61;9.65606;17;
1542520719;11/18/2018 5:58:39 AM;11.8333;13.3333;92;1017.51;4.24374;42;
1542520754;11/18/2018 5:59:14 AM;11.8333;13.3333;92;1017.65;12.8748;63;
1542520780;11/18/2018 5:59:40 AM;11.8333;13.3333;92;1017.47;6.3656;26;
1542520819;11/18/2018 6:00:19 AM;11.8333;13.3333;92;1017.48;8.04672;35;
1542520840;11/18/2018 6:00:40 AM;11.8333;13.3333;92;1017.41;3.1828;31;
1542520884;11/18/2018 6:01:24 AM;11.8333;13.3333;92;1017.34;14.4841;63;
1542520900;11/18/2018 6:01:40 AM;11.8333;13.3333;92;1017.34;4.24374;27;
1542520948;11/18/2018 6:02:28 AM;11.8333;13.3333;92;1017.34;9.65606;29;
1542520960;11/18/2018 6:02:40 AM;11.8333;13.3333;92;1017.24;5.30467;13;
1542521014;11/18/2018 6:03:34 AM;11.8333;13.3333;92;1017.31;9.65606;19;
1542521020;11/18/2018 6:03:40 AM;11.8333;13.3333;92;1017.2;6.3656;19;
1542521080;11/18/2018 6:04:40 AM;11.7778;13.3333;92;1017.24;9.65606;12;
1542521140;11/18/2018 6:05:40 AM;11.8333;13.3333;92;1017.2;5.30467;11;
1542521145;11/18/2018 6:05:45 AM;11.8333;13.3333;92;1017.27;11.2654;34;
1542521200;11/18/2018 6:06:40 AM;11.8333;13.3333;92;1017.14;6.3656;5;
1542521210;11/18/2018 6:06:50 AM;11.8333;13.3333;92;1017.31;9.65606;21;
1542521260;11/18/2018 6:07:40 AM;11.8333;13.3333;92;1017.2;3.1828;31;
1542521273;11/18/2018 6:07:53 AM;11.8333;13.3333;92;1017.34;8.04672;72;
1542521320;11/18/2018 6:08:40 AM;11.8333;13.3333;92;1017.2;4.24374;38;
1542521340;11/18/2018 6:09:00 AM;11.8333;13.3333;92;1017.31;8.04672;68;
1542521380;11/18/2018 6:09:40 AM;11.8333;13.3333;92;1017.24;6.3656;12;
1542521405;11/18/2018 6:10:05 AM;11.8333;13.3333;92;1017.34;8.04672;16;
1542521441;11/18/2018 6:10:41 AM;11.8333;13.3333;92;1017.24;5.30467;17;
1542521470;11/18/2018 6:11:10 AM;11.8333;13.3333;92;1017.34;6.43738;63;
1542521501;11/18/2018 6:11:41 AM;11.8333;13.3333;92;1017.27;4.24374;26;
1542521534;11/18/2018 6:12:14 AM;11.8333;13.3333;92;1017.38;6.43738;22;
1542521561;11/18/2018 6:12:41 AM;11.8333;13.3333;92;1017.27;5.30467;5;
1542521599;11/18/2018 6:13:19 AM;11.8333;13.3333;92;1017.44;6.43738;9;
1542521621;11/18/2018 6:13:41 AM;11.8333;13.3333;92;1017.34;4.24374;48;
1542521664;11/18/2018 6:14:24 AM;11.8333;13.3333;92;1017.48;8.04672;5;
1542521681;11/18/2018 6:14:41 AM;11.8889;13.3333;92;1017.37;6.3656;19;
1542521731;11/18/2018 6:15:31 AM;11.8333;13.3333;92;1017.55;8.04672;15;
1542521741;11/18/2018 6:15:41 AM;11.8889;13.3333;92;1017.41;6.3656;24;
1542521796;11/18/2018 6:16:36 AM;11.8889;13.3333;92;1017.61;3.21869;22;
1542521801;11/18/2018 6:16:41 AM;11.8889;13.3333;92;1017.47;2.12187;22;
1542521861;11/18/2018 6:17:41 AM;11.8889;13.3333;92;1017.68;8.04672;360;
1542521921;11/18/2018 6:18:41 AM;11.8889;13.3333;92;1017.58;8.48747;37;
1542521924;11/18/2018 6:18:44 AM;11.8889;13.3333;92;1017.75;8.04672;34;
1542521981;11/18/2018 6:19:41 AM;11.8333;13.3333;92;1017.64;4.24374;34;
1542521989;11/18/2018 6:19:49 AM;11.8333;13.3333;92;1017.75;8.04672;13;
1542522041;11/18/2018 6:20:41 AM;11.8889;13.3333;92;1017.58;8.48747;14;
1542522056;11/18/2018 6:20:56 AM;11.8889;13.3333;92;1017.75;9.65606;13;
1542522102;11/18/2018 6:21:42 AM;11.8889;13.3333;92;1017.54;3.1828;22;
1542522121;11/18/2018 6:22:01 AM;11.8333;13.3333;92;1017.71;11.2654;355;
1542522162;11/18/2018 6:22:42 AM;11.8889;13.3333;92;1017.47;7.42654;5;
1542522186;11/18/2018 6:23:06 AM;11.8889;13.3333;92;1017.61;11.2654;5;
1542522222;11/18/2018 6:23:42 AM;11.8889;13.3333;92;1017.47;7.42654;27;
1542522250;11/18/2018 6:24:10 AM;11.8889;13.3333;92;1017.61;6.43738;13;
1542522282;11/18/2018 6:24:42 AM;11.8889;13.3333;92;1017.47;5.30467;20;
1542522315;11/18/2018 6:25:15 AM;11.8889;13.3333;92;1017.68;6.43738;5;
1542522342;11/18/2018 6:25:42 AM;11.8889;13.3333;92;1017.51;4.24374;13;
1542522382;11/18/2018 6:26:22 AM;11.8889;13.3333;92;1017.71;6.43738;12;
1542522402;11/18/2018 6:26:42 AM;11.8889;13.3333;92;1017.58;4.24374;14;
1542522447;11/18/2018 6:27:27 AM;11.8889;13.3333;92;1017.82;6.43738;10;
1542522462;11/18/2018 6:27:42 AM;11.8889;13.3333;92;1017.68;4.24374;333;
1542522512;11/18/2018 6:28:32 AM;11.9444;13.3333;92;1017.82;4.82803;59;
1542522522;11/18/2018 6:28:42 AM;11.9444;13.3333;92;1017.68;3.1828;55;
1542522575;11/18/2018 6:29:35 AM;11.9444;13.3333;92;1017.82;8.04672;15;
1542522582;11/18/2018 6:29:42 AM;11.9444;13.3333;92;1017.68;5.30467;55;
1542522641;11/18/2018 6:30:41 AM;11.9444;13.3333;92;1017.78;11.2654;27;
1542522642;11/18/2018 6:30:42 AM;11.9444;13.3333;92;1017.71;6.3656;26;
1542522702;11/18/2018 6:31:42 AM;12;13.3333;92;1017.64;5.30467;10;
1542522707;11/18/2018 6:31:47 AM;11.9444;13.3333;92;1017.75;6.43738;14;
1542522763;11/18/2018 6:32:43 AM;11.9444;13.3333;92;1017.64;6.3656;22;
1542522772;11/18/2018 6:32:52 AM;11.9444;13.3333;92;1017.75;8.04672;11;
1542522823;11/18/2018 6:33:43 AM;11.9444;13.3333;92;1017.61;6.3656;24;
1542522837;11/18/2018 6:33:57 AM;11.9444;13.3333;92;1017.75;11.2654;31;
1542522883;11/18/2018 6:34:43 AM;11.9444;13.3333;91;1017.64;5.30467;17;
1542522901;11/18/2018 6:35:01 AM;11.9444;13.3333;91;1017.78;9.65606;5;
1542522943;11/18/2018 6:35:43 AM;11.9444;13.3333;91;1017.75;2.12187;26;
1542522966;11/18/2018 6:36:06 AM;11.9444;13.3333;92;1017.92;9.65606;355;
1542523003;11/18/2018 6:36:43 AM;11.9444;13.3333;92;1017.81;4.24374;19;
1542523033;11/18/2018 6:37:13 AM;12;13.3333;92;1017.99;6.43738;53;
1542523063;11/18/2018 6:37:43 AM;11.9444;13.3333;92;1017.85;2.12187;52;
1542523098;11/18/2018 6:38:18 AM;11.9444;13.3333;92;1017.95;8.04672;351;
1542523123;11/18/2018 6:38:43 AM;11.9444;13.3333;92;1017.78;7.42654;15;
1542523163;11/18/2018 6:39:23 AM;11.9444;13.3333;92;1017.95;8.04672;11;
1542523183;11/18/2018 6:39:43 AM;11.9444;13.3333;91;1017.81;5.30467;10;
1542523226;11/18/2018 6:40:26 AM;11.9444;13.3333;91;1017.85;6.43738;32;
1542523243;11/18/2018 6:40:43 AM;11.9444;13.3333;91;1017.78;5.30467;16;
1542523293;11/18/2018 6:41:33 AM;11.9444;13.3333;91;1017.75;4.82803;15;
1542523303;11/18/2018 6:41:43 AM;11.9444;13.3333;91;1017.64;5.30467;5;
1542523358;11/18/2018 6:42:38 AM;11.9444;13.3333;91;1017.65;8.04672;31;
1542523363;11/18/2018 6:42:43 AM;11.9444;13.3333;91;1017.58;5.30467;31;
1542523423;11/18/2018 6:43:43 AM;11.9444;13.3333;91;1017.65;8.04672;5;
1542523424;11/18/2018 6:43:44 AM;11.9444;13.3333;92;1017.54;6.3656;23;
1542523484;11/18/2018 6:44:44 AM;12;13.3333;91;1017.51;4.24374;19;
1542523488;11/18/2018 6:44:48 AM;11.9444;13.3333;91;1017.75;9.65606;5;
1542523544;11/18/2018 6:45:44 AM;12;13.3333;91;1017.61;10.6093;5;
1542523552;11/18/2018 6:45:52 AM;11.9444;13.3333;91;1017.65;12.8748;355;
1542523604;11/18/2018 6:46:44 AM;11.9444;13.3333;91;1017.54;8.48747;12;
1542523619;11/18/2018 6:46:59 AM;12;13.3333;91;1017.75;12.8748;13;
1542523664;11/18/2018 6:47:44 AM;11.9444;13.3333;91;1017.58;6.3656;21;
1542523684;11/18/2018 6:48:04 AM;11.9444;13.3333;91;1017.71;4.82803;37;
1542523724;11/18/2018 6:48:44 AM;11.9444;13.3333;91;1017.54;3.1828;25;
1542523749;11/18/2018 6:49:09 AM;11.9444;13.3333;91;1017.65;12.8748;19;
1542523784;11/18/2018 6:49:44 AM;11.9444;13.3333;91;1017.44;5.30467;12;
1542523814;11/18/2018 6:50:14 AM;11.9444;13.3333;91;1017.55;9.65606;35;
1542523844;11/18/2018 6:50:44 AM;11.9444;13.3333;92;1017.41;6.3656;15;
1542523877;11/18/2018 6:51:17 AM;11.9444;13.3333;92;1017.55;12.8748;17;
1542523904;11/18/2018 6:51:44 AM;11.9444;13.3333;91;1017.37;10.6093;15;
1542523944;11/18/2018 6:52:24 AM;11.9444;13.3333;91;1017.61;8.04672;24;
1542523964;11/18/2018 6:52:44 AM;11.9444;13.3333;91;1017.47;6.3656;21;
1542524009;11/18/2018 6:53:29 AM;11.8889;13.3333;91;1017.65;11.2654;360;
1542524024;11/18/2018 6:53:44 AM;11.8889;13.3333;91;1017.47;7.42654;355;
1542524073;11/18/2018 6:54:33 AM;11.8889;13.3333;91;1017.68;9.65606;12;
1542524085;11/18/2018 6:54:45 AM;11.8889;13.3333;91;1017.54;5.30467;10;
1542524139;11/18/2018 6:55:39 AM;11.9444;13.3333;91;1017.68;8.04672;32;
1542524145;11/18/2018 6:55:45 AM;11.9444;13.3333;91;1017.58;5.30467;32;
1542524203;11/18/2018 6:56:43 AM;11.9444;13.3333;91;1017.65;6.43738;10;
1542524205;11/18/2018 6:56:45 AM;11.9444;13.3333;91;1017.54;5.30467;20;
1542524265;11/18/2018 6:57:45 AM;11.8889;13.3333;91;1017.51;6.3656;355;
1542524270;11/18/2018 6:57:50 AM;11.8889;13.3333;91;1017.58;8.04672;17;
1542524325;11/18/2018 6:58:45 AM;11.8889;13.3333;91;1017.44;8.48747;17;
1542524335;11/18/2018 6:58:55 AM;11.9444;13.3333;91;1017.55;4.82803;336;
1542524385;11/18/2018 6:59:45 AM;11.8889;13.3333;91;1017.54;5.30467;360;
1542524398;11/18/2018 6:59:58 AM;11.8889;13.3333;91;1017.61;11.2654;360;
1542524445;11/18/2018 7:00:45 AM;11.8889;13.3333;91;1017.47;4.24374;5;
1542524465;11/18/2018 7:01:05 AM;11.8889;13.3333;91;1017.65;6.43738;27;
1542524505;11/18/2018 7:01:45 AM;11.8889;13.3333;91;1017.54;6.3656;48;
1542524528;11/18/2018 7:02:08 AM;11.8889;13.3333;91;1017.61;6.43738;38;
1542524565;11/18/2018 7:02:45 AM;11.8889;13.3333;91;1017.47;3.1828;329;
1542524595;11/18/2018 7:03:15 AM;11.8889;13.3333;91;1017.68;8.04672;5;
1542524625;11/18/2018 7:03:45 AM;11.8889;13.3333;92;1017.54;3.1828;9;
1542524660;11/18/2018 7:04:20 AM;11.8889;13.3333;91;1017.65;6.43738;24;
1542524686;11/18/2018 7:04:46 AM;11.8889;13.3333;91;1017.47;9.54841;18;
1542524724;11/18/2018 7:05:24 AM;11.9444;13.3333;91;1017.58;11.2654;36;
1542524746;11/18/2018 7:05:46 AM;11.8889;13.3333;91;1017.47;8.48747;355;
1542524790;11/18/2018 7:06:30 AM;11.8889;13.3333;91;1017.61;9.65606;355;
1542524806;11/18/2018 7:06:46 AM;11.8889;13.3333;91;1017.47;8.48747;19;
1542524854;11/18/2018 7:07:34 AM;11.8889;13.3333;91;1017.58;9.65606;325;
1542524866;11/18/2018 7:07:46 AM;11.8889;13.3333;91;1017.44;4.24374;24;
1542524921;11/18/2018 7:08:41 AM;11.8889;13.3333;91;1017.51;11.2654;19;
1542524926;11/18/2018 7:08:46 AM;11.8889;13.3333;91;1017.47;8.48747;22;
1542524986;11/18/2018 7:09:46 AM;11.8333;13.3333;91;1017.58;12.8748;19;
1542525046;11/18/2018 7:10:46 AM;11.8333;13.3333;91;1017.47;4.24374;15;
1542525049;11/18/2018 7:10:49 AM;11.8333;13.3333;91;1017.61;8.04672;17;
1542525106;11/18/2018 7:11:46 AM;11.8333;13.3333;91;1017.44;6.3656;23;
1542525116;11/18/2018 7:11:56 AM;11.8333;13.3333;91;1017.61;6.43738;11;
1542525166;11/18/2018 7:12:46 AM;11.8333;13.3333;91;1017.47;5.30467;15;
1542525180;11/18/2018 7:13:00 AM;11.8333;13.3333;91;1017.65;3.21869;5;
1542525226;11/18/2018 7:13:46 AM;11.8889;13.3333;91;1017.54;2.12187;15;
1542525246;11/18/2018 7:14:06 AM;11.8333;13.3333;91;1017.68;8.04672;26;
1542525286;11/18/2018 7:14:46 AM;11.8889;13.3333;91;1017.54;5.30467;342;
1542525311;11/18/2018 7:15:11 AM;11.8333;13.3333;91;1017.68;3.21869;5;
1542525347;11/18/2018 7:15:47 AM;11.8889;13.3333;91;1017.58;6.3656;32;
1542525375;11/18/2018 7:16:15 AM;11.8889;13.3333;91;1017.71;14.4841;9;
1542525407;11/18/2018 7:16:47 AM;11.8889;13.3333;91;1017.58;5.30467;34;
1542525441;11/18/2018 7:17:21 AM;11.8333;13.3333;91;1017.71;8.04672;16;
1542525467;11/18/2018 7:17:47 AM;11.8889;13.3333;91;1017.61;6.3656;30;
1542525505;11/18/2018 7:18:25 AM;11.8333;13.3333;91;1017.75;6.43738;13;
1542525527;11/18/2018 7:18:47 AM;11.8333;13.3333;91;1017.64;4.24374;27;
1542525572;11/18/2018 7:19:32 AM;11.8333;13.3333;91;1017.75;9.65606;17;
1542525587;11/18/2018 7:19:47 AM;11.8333;13.3333;91;1017.64;4.24374;325;
1542525637;11/18/2018 7:20:37 AM;11.8333;13.3333;91;1017.71;16.0934;35;
1542525647;11/18/2018 7:20:47 AM;11.8333;13.3333;91;1017.61;7.42654;5;
1542525700;11/18/2018 7:21:40 AM;11.8333;13.3333;91;1017.75;3.21869;280;
1542525707;11/18/2018 7:21:47 AM;11.8333;13.3333;91;1017.68;2.12187;280;
1542525767;11/18/2018 7:22:47 AM;11.8333;13.3333;91;1017.78;9.65606;36;
1542525827;11/18/2018 7:23:47 AM;11.8333;13.3333;91;1017.71;5.30467;14;
1542525830;11/18/2018 7:23:50 AM;11.8333;13.3333;91;1017.85;11.2654;15;
1542525887;11/18/2018 7:24:47 AM;11.8333;13.3333;91;1017.75;7.42654;32;
1542525897;11/18/2018 7:24:57 AM;11.8333;13.3333;91;1017.85;12.8748;20;
1542525947;11/18/2018 7:25:47 AM;11.8333;13.3333;90;1017.78;6.3656;17;
1542525962;11/18/2018 7:26:02 AM;11.8333;13.3333;90;1017.88;9.65606;5;
1542526008;11/18/2018 7:26:48 AM;11.8333;13.3333;91;1017.78;5.30467;343;
1542526027;11/18/2018 7:27:07 AM;11.8333;13.3333;91;1017.88;9.65606;355;
1542526068;11/18/2018 7:27:48 AM;11.8333;13.3333;91;1017.81;4.24374;11;
1542526092;11/18/2018 7:28:12 AM;11.8333;13.3333;91;1017.92;6.43738;28;
1542526128;11/18/2018 7:28:48 AM;11.7778;13.3333;91;1017.81;8.48747;19;
1542526156;11/18/2018 7:29:16 AM;11.8333;13.3333;90;1018.02;8.04672;27;
1542526188;11/18/2018 7:29:48 AM;11.7778;13.3333;90;1017.81;6.3656;5;
1542526223;11/18/2018 7:30:23 AM;11.7778;13.3333;90;1017.99;8.04672;55;
1542526248;11/18/2018 7:30:48 AM;11.8333;13.3333;90;1017.85;2.12187;22;
1542526288;11/18/2018 7:31:28 AM;11.7778;13.3333;90;1018.05;11.2654;5;
1542526308;11/18/2018 7:31:48 AM;11.7778;13.3333;90;1017.91;10.6093;13;
1542526353;11/18/2018 7:32:33 AM;11.7778;13.3333;90;1018.05;8.04672;15;
1542526368;11/18/2018 7:32:48 AM;11.7778;13.3333;90;1017.88;9.54841;322;
1542526418;11/18/2018 7:33:38 AM;11.7778;13.3333;90;1018.05;8.04672;28;
1542526428;11/18/2018 7:33:48 AM;11.7778;13.3333;90;1017.95;5.30467;22;
1542526481;11/18/2018 7:34:41 AM;11.7778;13.3333;90;1018.05;8.04672;26;
1542526488;11/18/2018 7:34:48 AM;11.7778;13.3333;90;1017.95;5.30467;26;
1542526548;11/18/2018 7:35:48 AM;11.7778;13.3333;90;1018.12;9.65606;15;
1542526608;11/18/2018 7:36:48 AM;11.7778;13.3333;90;1017.98;7.42654;360;
1542526613;11/18/2018 7:36:53 AM;11.7778;13.3333;90;1018.16;9.65606;19;
1542526669;11/18/2018 7:37:49 AM;11.7778;13.3333;90;1018.08;6.3656;19;
1542526678;11/18/2018 7:37:58 AM;11.7778;13.3333;90;1018.16;6.43738;355;
1542526729;11/18/2018 7:38:49 AM;11.7778;13.3333;90;1018.02;4.24374;355;
1542526743;11/18/2018 7:39:03 AM;11.7778;13.3333;90;1018.16;6.43738;14;
1542526789;11/18/2018 7:39:49 AM;11.7778;13.3333;90;1018.05;7.42654;350;
1542526807;11/18/2018 7:40:07 AM;11.7778;13.3333;90;1018.16;9.65606;21;
1542526849;11/18/2018 7:40:49 AM;11.7778;13.3333;90;1018.02;4.24374;54;
1542526874;11/18/2018 7:41:14 AM;11.7778;13.3333;90;1018.12;0;321;
1542526909;11/18/2018 7:41:49 AM;11.8333;13.3333;90;1017.98;1.06093;326;
1542526939;11/18/2018 7:42:19 AM;11.7778;12.7778;90;1018.16;6.43738;15;
1542526969;11/18/2018 7:42:49 AM;11.7778;12.7778;90;1018.05;3.1828;21;
1542527004;11/18/2018 7:43:24 AM;11.8333;12.7778;90;1018.16;1.60934;11;
1542527029;11/18/2018 7:43:49 AM;11.8333;12.7778;91;1018.02;3.1828;349;
1542527069;11/18/2018 7:44:29 AM;11.8333;12.7778;91;1018.19;4.82803;346;
1542527089;11/18/2018 7:44:49 AM;11.8333;12.7778;91;1018.05;2.12187;333;
1542527133;11/18/2018 7:45:33 AM;11.8333;12.7778;91;1018.16;4.82803;17;
1542527149;11/18/2018 7:45:49 AM;11.8333;12.7778;91;1018.02;3.1828;344;
1542527199;11/18/2018 7:46:39 AM;11.8333;12.7778;91;1018.19;4.82803;34;
1542527209;11/18/2018 7:46:49 AM;11.8333;12.7778;91;1018.05;3.1828;52;
1542527264;11/18/2018 7:47:44 AM;11.8889;12.7778;91;1018.19;9.65606;13;
1542527269;11/18/2018 7:47:49 AM;11.8889;12.7778;91;1018.05;6.3656;13;
1542527329;11/18/2018 7:48:49 AM;11.8889;12.7778;91;1018.22;3.21869;26;
1542527330;11/18/2018 7:48:50 AM;11.8889;12.7778;91;1018.12;2.12187;24;
1542527390;11/18/2018 7:49:50 AM;11.8333;12.7778;91;1018.15;5.30467;318;
1542527394;11/18/2018 7:49:54 AM;11.8889;12.7778;91;1018.29;6.43738;355;
1542527450;11/18/2018 7:50:50 AM;11.8889;12.7778;90;1018.15;3.1828;344;
1542527458;11/18/2018 7:50:58 AM;11.8333;12.7778;90;1018.29;4.82803;9;
1542527510;11/18/2018 7:51:50 AM;11.8889;12.7778;90;1018.22;1.06093;257;
1542527525;11/18/2018 7:52:05 AM;11.8889;12.7778;91;1018.32;9.65606;355;
1542527570;11/18/2018 7:52:50 AM;11.8889;12.7778;91;1018.25;3.1828;346;
1542527590;11/18/2018 7:53:10 AM;11.8889;12.7778;90;1018.39;6.43738;13;
1542527630;11/18/2018 7:53:50 AM;11.8889;12.7778;90;1018.22;3.1828;360;
1542527655;11/18/2018 7:54:15 AM;11.8889;12.7778;90;1018.29;3.21869;304;
1542527690;11/18/2018 7:54:50 AM;11.8889;12.7778;90;1018.19;4.24374;355;
1542527720;11/18/2018 7:55:20 AM;11.8889;12.7778;90;1018.26;9.65606;347;
1542527750;11/18/2018 7:55:50 AM;11.8889;12.7778;90;1018.15;4.24374;360;
1542527784;11/18/2018 7:56:24 AM;11.8889;12.7778;90;1018.29;8.04672;360;
1542527810;11/18/2018 7:56:50 AM;11.8333;12.7778;90;1018.15;7.42654;5;
1542527850;11/18/2018 7:57:30 AM;11.8333;12.7778;90;1018.26;9.65606;12;
1542527870;11/18/2018 7:57:50 AM;11.8333;12.7778;90;1018.12;5.30467;360;
1542527914;11/18/2018 7:58:34 AM;11.8333;12.7778;90;1018.26;4.82803;326;
1542527930;11/18/2018 7:58:50 AM;11.8333;12.7778;90;1018.12;3.1828;34;
1542527980;11/18/2018 7:59:40 AM;11.8333;12.7778;90;1018.32;3.21869;15;
1542527991;11/18/2018 7:59:51 AM;11.8333;12.7778;90;1018.19;3.1828;52;
1542528045;11/18/2018 8:00:45 AM;11.8333;12.7778;90;1018.39;4.82803;351;
1542528051;11/18/2018 8:00:51 AM;11.8333;12.7778;90;1018.15;3.1828;351;
1542528111;11/18/2018 8:01:51 AM;11.8333;12.7778;90;1018.36;3.21869;239;
1542528171;11/18/2018 8:02:51 AM;11.8333;12.7778;90;1018.19;1.06093;277;
1542528176;11/18/2018 8:02:56 AM;11.8333;12.7778;90;1018.32;1.60934;277;
1542528231;11/18/2018 8:03:51 AM;11.8333;12.7778;90;1018.19;5.30467;26;
1542528239;11/18/2018 8:03:59 AM;11.7778;12.7778;90;1018.36;12.8748;319;
1542528291;11/18/2018 8:04:51 AM;11.8333;12.7778;90;1018.25;7.42654;28;
1542528306;11/18/2018 8:05:06 AM;11.8333;12.7778;90;1018.36;6.43738;15;
1542528351;11/18/2018 8:05:51 AM;11.8333;12.7778;90;1018.25;4.24374;23;
1542528371;11/18/2018 8:06:11 AM;11.8333;12.7778;90;1018.36;6.43738;31;
1542528411;11/18/2018 8:06:51 AM;11.8333;12.7778;90;1018.29;1.06093;26;
1542528435;11/18/2018 8:07:15 AM;11.8333;12.7778;90;1018.39;14.4841;5;
1542528471;11/18/2018 8:07:51 AM;11.8333;12.7778;90;1018.29;7.42654;19;
1542528501;11/18/2018 8:08:21 AM;11.8333;12.7778;90;1018.39;9.65606;18;
1542528531;11/18/2018 8:08:51 AM;11.7778;12.7778;90;1018.29;3.1828;229;
1542528565;11/18/2018 8:09:25 AM;11.7778;12.7778;90;1018.43;6.43738;19;
1542528591;11/18/2018 8:09:51 AM;11.7778;12.7778;90;1018.29;3.1828;16;
1542528631;11/18/2018 8:10:31 AM;11.8333;12.7778;90;1018.46;6.43738;42;
1542528652;11/18/2018 8:10:52 AM;11.8333;12.7778;90;1018.32;4.24374;48;
1542528696;11/18/2018 8:11:36 AM;11.8333;12.7778;90;1018.46;4.82803;13;
1542528712;11/18/2018 8:11:52 AM;11.8333;12.7778;90;1018.29;2.12187;355;
1542528762;11/18/2018 8:12:42 AM;11.8333;12.7778;90;1018.46;6.43738;355;
1542528772;11/18/2018 8:12:52 AM;11.8333;12.7778;90;1018.29;2.12187;355;
1542528827;11/18/2018 8:13:47 AM;11.8333;12.7778;90;1018.43;4.82803;333;
1542528832;11/18/2018 8:13:52 AM;11.8333;12.7778;90;1018.32;3.1828;333;
1542528890;11/18/2018 8:14:50 AM;11.8333;12.7778;90;1018.43;1.60934;355;
1542528892;11/18/2018 8:14:52 AM;11.8333;12.7778;90;1018.35;1.06093;355;
1542528952;11/18/2018 8:15:52 AM;11.8333;12.7778;90;1018.29;1.06093;345;
1542528957;11/18/2018 8:15:57 AM;11.8333;12.7778;90;1018.39;4.82803;5;
1542529012;11/18/2018 8:16:52 AM;11.8333;12.7778;90;1018.29;5.30467;12;
1542529022;11/18/2018 8:17:02 AM;11.8333;12.7778;90;1018.39;6.43738;9;
1542529072;11/18/2018 8:17:52 AM;11.8333;12.7778;90;1018.25;4.24374;5;
1542529087;11/18/2018 8:18:07 AM;11.8333;12.7778;90;1018.39;6.43738;5;
1542529132;11/18/2018 8:18:52 AM;11.8333;12.7778;90;1018.25;5.30467;19;
1542529152;11/18/2018 8:19:12 AM;11.8333;12.7778;90;1018.36;8.04672;360;
1542529192;11/18/2018 8:19:52 AM;11.8333;12.7778;90;1018.25;4.24374;18;
1542529216;11/18/2018 8:20:16 AM;11.8333;12.7778;90;1018.39;11.2654;360;
1542529253;11/18/2018 8:20:53 AM;11.8333;12.7778;90;1018.22;6.3656;18;
1542529282;11/18/2018 8:21:22 AM;11.8333;12.7778;90;1018.39;4.82803;44;
1542529313;11/18/2018 8:21:53 AM;11.8333;12.7778;90;1018.25;5.30467;5;
1542529347;11/18/2018 8:22:27 AM;11.7778;12.7778;90;1018.46;3.21869;343;
1542529373;11/18/2018 8:22:53 AM;11.7778;12.7778;90;1018.25;3.1828;342;
1542529413;11/18/2018 8:23:33 AM;11.8333;12.7778;90;1018.43;3.21869;18;
1542529433;11/18/2018 8:23:53 AM;11.8333;12.7778;91;1018.29;2.12187;19;
1542529478;11/18/2018 8:24:38 AM;11.8333;12.7778;91;1018.43;12.8748;5;
1542529493;11/18/2018 8:24:53 AM;11.8333;12.7778;91;1018.32;6.3656;17;
1542529541;11/18/2018 8:25:41 AM;11.7778;12.7778;90;1018.43;8.04672;360;
1542529553;11/18/2018 8:25:53 AM;11.7778;12.7778;90;1018.32;5.30467;14;
1542529608;11/18/2018 8:26:48 AM;11.7778;12.7778;91;1018.43;1.60934;360;
1542529613;11/18/2018 8:26:53 AM;11.7778;12.7778;91;1018.35;1.06093;360;
1542529673;11/18/2018 8:27:53 AM;11.7778;12.7778;91;1018.46;8.04672;38;
1542529733;11/18/2018 8:28:53 AM;11.7778;12.7778;91;1018.32;3.1828;341;
1542529738;11/18/2018 8:28:58 AM;11.7778;12.7778;91;1018.46;6.43738;336;
1542529793;11/18/2018 8:29:53 AM;11.7778;12.7778;91;1018.35;5.30467;345;
1542529803;11/18/2018 8:30:03 AM;11.7778;12.7778;91;1018.46;4.82803;275;
1542529853;11/18/2018 8:30:53 AM;11.7778;12.7778;91;1018.29;4.24374;56;
1542529867;11/18/2018 8:31:07 AM;11.7222;12.7778;91;1018.43;6.43738;19;
1542529914;11/18/2018 8:31:54 AM;11.7778;12.7778;91;1018.29;4.24374;351;
1542529934;11/18/2018 8:32:14 AM;11.7222;12.7778;92;1018.39;6.43738;11;
1542529974;11/18/2018 8:32:54 AM;11.7222;12.7778;92;1018.25;3.1828;340;
1542529999;11/18/2018 8:33:19 AM;11.7222;12.7778;92;1018.32;1.60934;339;
1542530034;11/18/2018 8:33:54 AM;11.7222;12.7778;92;1018.22;7.42654;5;
1542530064;11/18/2018 8:34:24 AM;11.6667;12.7778;92;1018.36;4.82803;355;
1542530094;11/18/2018 8:34:54 AM;11.7222;12.7778;92;1018.25;2.12187;5;
1542530129;11/18/2018 8:35:29 AM;11.6667;12.7778;92;1018.36;6.43738;5;
1542530154;11/18/2018 8:35:54 AM;11.6667;12.7778;92;1018.22;3.1828;5;
1542530192;11/18/2018 8:36:32 AM;11.6667;12.7778;92;1018.36;11.2654;5;
1542530214;11/18/2018 8:36:54 AM;11.6667;12.7778;92;1018.22;4.24374;15;
1542530259;11/18/2018 8:37:39 AM;11.6667;12.7778;92;1018.39;6.43738;350;
1542530274;11/18/2018 8:37:54 AM;11.6667;12.7778;92;1018.29;5.30467;9;
1542530324;11/18/2018 8:38:44 AM;11.6111;12.7778;92;1018.46;9.65606;321;
1542530334;11/18/2018 8:38:54 AM;11.6111;12.7778;92;1018.29;6.3656;33;
1542530389;11/18/2018 8:39:49 AM;11.6111;12.7778;92;1018.46;8.04672;5;
1542530394;11/18/2018 8:39:54 AM;11.6111;12.7778;92;1018.32;5.30467;5;
1542530454;11/18/2018 8:40:54 AM;11.6111;12.7778;92;1018.53;8.04672;44;
1542530514;11/18/2018 8:41:54 AM;11.5556;12.7778;92;1018.46;3.1828;39;
1542530518;11/18/2018 8:41:58 AM;11.5556;12.7778;92;1018.63;3.21869;39;
1542530575;11/18/2018 8:42:55 AM;11.5556;12.7778;92;1018.49;3.1828;298;
1542530584;11/18/2018 8:43:04 AM;11.6111;12.7778;92;1018.63;8.04672;247;
1542530635;11/18/2018 8:43:55 AM;11.6111;12.7778;93;1018.56;8.48747;302;
1542530648;11/18/2018 8:44:08 AM;11.6111;12.7778;93;1018.7;9.65606;34;
1542530695;11/18/2018 8:44:55 AM;11.5556;12.7778;93;1018.52;4.24374;355;
1542530715;11/18/2018 8:45:15 AM;11.5556;12.7778;92;1018.76;3.21869;223;
1542530755;11/18/2018 8:45:55 AM;11.5556;12.7778;92;1018.59;4.24374;13;
1542530780;11/18/2018 8:46:20 AM;11.5556;12.7778;92;1018.83;3.21869;18;
1542530815;11/18/2018 8:46:55 AM;11.5556;12.7778;92;1018.63;3.1828;28;
1542530845;11/18/2018 8:47:25 AM;11.5556;12.7778;92;1018.87;4.82803;275;
1542530875;11/18/2018 8:47:55 AM;11.5556;12.7778;93;1018.73;3.1828;69;
1542530910;11/18/2018 8:48:30 AM;11.5556;12.7778;93;1018.9;3.21869;229;
1542530935;11/18/2018 8:48:55 AM;11.5556;12.7778;93;1018.76;1.06093;230;
1542530974;11/18/2018 8:49:34 AM;11.5;12.7778;93;1018.93;6.43738;119;
1542530995;11/18/2018 8:49:55 AM;11.5556;12.7778;93;1018.83;2.12187;126;
1542531040;11/18/2018 8:50:40 AM;11.5556;12.7778;93;1018.97;6.43738;196;
1542531055;11/18/2018 8:50:55 AM;11.5556;12.7778;93;1018.86;2.12187;157;
1542531105;11/18/2018 8:51:45 AM;11.5;12.7778;93;1018.97;11.2654;26;
1542531115;11/18/2018 8:51:55 AM;11.5;12.7778;93;1018.86;8.48747;13;
1542531170;11/18/2018 8:52:50 AM;11.5;12.7778;92;1018.97;3.21869;344;
1542531175;11/18/2018 8:52:55 AM;11.5;12.7778;92;1018.86;2.12187;344;
1542531235;11/18/2018 8:53:55 AM;11.5;12.7778;92;1019;3.21869;355;
1542531236;11/18/2018 8:53:56 AM;11.5;12.7778;92;1018.86;2.12187;355;
1542531296;11/18/2018 8:54:56 AM;11.5;12.7778;92;1018.86;5.30467;355;
1542531299;11/18/2018 8:54:59 AM;11.4444;12.7778;92;1019;3.21869;32;
1542531356;11/18/2018 8:55:56 AM;11.5;12.7778;93;1018.9;1.06093;26;
1542531366;11/18/2018 8:56:06 AM;11.4444;12.7778;93;1019.04;6.43738;360;
1542531416;11/18/2018 8:56:56 AM;11.5;12.7778;93;1018.86;3.1828;9;
1542531431;11/18/2018 8:57:11 AM;11.5;12.7778;93;1019;6.43738;30;
1542531476;11/18/2018 8:57:56 AM;11.4444;12.7778;93;1018.83;3.1828;18;
1542531494;11/18/2018 8:58:14 AM;11.5;12.7778;93;1019;3.21869;360;
1542531536;11/18/2018 8:58:56 AM;11.5;12.7778;93;1018.83;2.12187;42;
1542531561;11/18/2018 8:59:21 AM;11.5;12.7778;93;1018.97;0;18;
1542531596;11/18/2018 8:59:56 AM;11.5;12.7778;93;1018.8;3.1828;17;
1542531625;11/18/2018 9:00:25 AM;11.5;12.7778;93;1018.97;6.43738;19;
1542531656;11/18/2018 9:00:56 AM;11.5;12.7778;93;1018.8;3.1828;351;
1542531691;11/18/2018 9:01:31 AM;11.5;12.7778;93;1019;0;295;
