TIME_UTC_SECONDS;TIME_UTC_STR;AIR_TEMP;TRACK_TEMP;HUMIDITY;PRESSURE;WIND_SPEED;WIND_DIRECTION
1371906042;6/22/2013 13:00;16.8333;18.8889;85;1007.86;14.4841;247
1371906103;6/22/2013 13:01;16.8889;18.8889;85;1007.86;14.4841;201
1371906164;6/22/2013 13:02;16.9444;18.8889;85;1007.83;12.8748;222
1371906224;6/22/2013 13:03;16.9444;18.8889;85;1007.86;16.0934;231
1371906284;6/22/2013 13:04;17;18.8889;85;1007.83;11.2654;186
1371906344;6/22/2013 13:05;17;18.8889;84;1007.83;14.4841;246
1371906404;6/22/2013 13:06;17;18.8889;84;1007.89;17.7028;212
1371906462;6/22/2013 13:07;16.9444;18.8889;85;1007.83;20.9215;235
1371906522;6/22/2013 13:08;16.9444;18.8889;85;1007.79;25.7495;225
1371906584;6/22/2013 13:09;16.9444;18.8889;85;1007.79;19.3121;225
1371906644;6/22/2013 13:10;16.8889;18.8889;85;1007.83;16.0934;202
1371906704;6/22/2013 13:11;16.8333;18.8889;85;1007.83;14.4841;231
1371906764;6/22/2013 13:12;16.8889;18.8889;86;1007.83;14.4841;196
1371906822;6/22/2013 13:13;16.8889;18.8889;86;1007.83;22.5308;263
1371906882;6/22/2013 13:14;16.8889;18.8889;85;1007.86;14.4841;204
1371906944;6/22/2013 13:15;16.8333;18.8889;85;1007.76;17.7028;217
1371907004;6/22/2013 13:16;16.7778;18.8889;86;1007.83;14.4841;215
1371907064;6/22/2013 13:17;16.7778;18.8889;85;1007.76;16.0934;239
1371907124;6/22/2013 13:18;16.7778;18.8889;86;1007.76;17.7028;235
1371907184;6/22/2013 13:19;16.7778;18.8889;86;1007.79;19.3121;217
1371907242;6/22/2013 13:20;16.8333;18.8889;87;1007.79;16.0934;215
1371907302;6/22/2013 13:21;16.8333;18.8889;86;1007.76;8.04672;246
1371907364;6/22/2013 13:22;16.8333;18.8889;87;1007.83;12.8748;252
1371907424;6/22/2013 13:23;16.8333;18.8889;87;1007.79;12.8748;220
1371907484;6/22/2013 13:24;16.8333;18.8889;86;1007.83;14.4841;213
1371907542;6/22/2013 13:25;16.8333;18.8889;86;1007.79;11.2654;209
1371907604;6/22/2013 13:26;16.8333;18.8889;87;1007.76;25.7495;219
1371907664;6/22/2013 13:27;16.8333;18.8889;86;1007.79;20.9215;242
1371907722;6/22/2013 13:28;16.8333;18.8889;86;1007.72;8.04672;188
1371907784;6/22/2013 13:29;16.8889;18.8889;86;1007.72;30.5775;221
1371907844;6/22/2013 13:30;16.8889;18.8889;86;1007.72;16.0934;225
1371907904;6/22/2013 13:31;16.9444;18.8889;85;1007.72;14.4841;217
1371907964;6/22/2013 13:32;17;18.8889;85;1007.62;9.65606;201
1371908024;6/22/2013 13:33;17;18.8889;85;1007.62;12.8748;234
1371908084;6/22/2013 13:34;17.0556;18.8889;86;1007.76;9.65606;197
1371908142;6/22/2013 13:35;17.1111;18.8889;85;1007.69;14.4841;192
1371908204;6/22/2013 13:36;17.1111;18.8889;85;1007.66;22.5308;231
1371908262;6/22/2013 13:37;17.1667;18.8889;85;1007.69;9.65606;229
1371908324;6/22/2013 13:38;17.1667;18.8889;85;1007.66;11.2654;233
1371908384;6/22/2013 13:39;17.2222;18.8889;85;1007.69;16.0934;236
1371908444;6/22/2013 13:40;17.2222;18.8889;85;1007.66;16.0934;240
1371908504;6/22/2013 13:41;17.2778;18.8889;85;1007.69;22.5308;212
1371908563;6/22/2013 13:42;17.2222;18.8889;84;1007.62;24.1402;229
1371908624;6/22/2013 13:43;17.2222;18.8889;84;1007.62;17.7028;210
1371908684;6/22/2013 13:44;17.2222;18.8889;84;1007.59;12.8748;223
1371908744;6/22/2013 13:45;17.2778;18.8889;84;1007.59;24.1402;246
1371908804;6/22/2013 13:46;17.2778;18.8889;84;1007.59;32.1869;203
1371908864;6/22/2013 13:47;17.2778;18.8889;84;1007.66;17.7028;172
1371908924;6/22/2013 13:48;17.2778;18.8889;85;1007.59;24.1402;230
1371908982;6/22/2013 13:49;17.3333;18.8889;84;1007.59;19.3121;217
1371909044;6/22/2013 13:50;17.3333;18.8889;84;1007.59;20.9215;202
1371909104;6/22/2013 13:51;17.3333;18.8889;84;1007.52;12.8748;234
1371909164;6/22/2013 13:52;17.3333;18.8889;85;1007.52;25.7495;215
1371909224;6/22/2013 13:53;17.3333;18.8889;84;1007.52;19.3121;228
1371909283;6/22/2013 13:54;17.3889;18.8889;85;1007.52;16.0934;207
1371909344;6/22/2013 13:55;17.3333;18.8889;84;1007.49;19.3121;223
1371909402;6/22/2013 13:56;17.3333;18.8889;85;1007.45;20.9215;224
1371909464;6/22/2013 13:57;17.3333;18.8889;84;1007.45;17.7028;232
1371909524;6/22/2013 13:58;17.3333;18.8889;84;1007.42;16.0934;219
1371909584;6/22/2013 13:59;17.3333;18.8889;85;1007.49;12.8748;198
1371909644;6/22/2013 14:00;17.2778;18.8889;85;1007.45;12.8748;196
1371909702;6/22/2013 14:01;17.3333;18.8889;85;1007.49;16.0934;188
1371909764;6/22/2013 14:02;17.2778;18.8889;85;1007.49;9.65606;213
1371909822;6/22/2013 14:03;17.3333;18.8889;86;1007.49;19.3121;229
1371909884;6/22/2013 14:04;17.3333;18.8889;85;1007.45;16.0934;215
1371909944;6/22/2013 14:05;17.3333;18.8889;85;1007.49;9.65606;222
1371910002;6/22/2013 14:06;17.4444;18.8889;85;1007.49;17.7028;227
1371910064;6/22/2013 14:07;17.4444;18.8889;85;1007.42;22.5308;223
1371910124;6/22/2013 14:08;17.4444;18.8889;84;1007.35;16.0934;204
1371910184;6/22/2013 14:09;17.4444;18.8889;84;1007.42;16.0934;221
1371910242;6/22/2013 14:10;17.4444;18.8889;84;1007.42;9.65606;209
1371910304;6/22/2013 14:11;17.5556;18.8889;84;1007.45;11.2654;211
1371910364;6/22/2013 14:12;17.5556;18.8889;84;1007.35;17.7028;233
1371910424;6/22/2013 14:13;17.6111;18.8889;84;1007.42;17.7028;230
1371910484;6/22/2013 14:14;17.6111;18.8889;84;1007.39;20.9215;214
1371910544;6/22/2013 14:15;17.6667;18.8889;84;1007.35;16.0934;225
1371910604;6/22/2013 14:16;17.6667;18.8889;83;1007.39;20.9215;230
1371910662;6/22/2013 14:17;17.6667;18.8889;84;1007.39;20.9215;211
1371910722;6/22/2013 14:18;17.6111;18.8889;83;1007.35;22.5308;219
1371910784;6/22/2013 14:19;17.6111;18.8889;84;1007.32;14.4841;234
1371910844;6/22/2013 14:20;17.6667;18.8889;84;1007.25;30.5775;233
1371910904;6/22/2013 14:21;17.6667;18.8889;83;1007.32;14.4841;238
1371910964;6/22/2013 14:22;17.6667;18.8889;84;1007.28;28.9682;220
1371911023;6/22/2013 14:23;17.6667;18.8889;84;1007.32;19.3121;253
1371911082;6/22/2013 14:24;17.7222;18.8889;84;1007.35;16.0934;233
1371911144;6/22/2013 14:25;17.7222;19.4444;83;1007.25;16.0934;231
1371911204;6/22/2013 14:26;17.7778;19.4444;84;1007.32;12.8748;182
1371911264;6/22/2013 14:27;17.8333;19.4444;84;1007.32;19.3121;216
1371911324;6/22/2013 14:28;17.8333;19.4444;84;1007.28;19.3121;248
1371911384;6/22/2013 14:29;17.8333;19.4444;84;1007.28;9.65606;227
1371911442;6/22/2013 14:30;17.8333;19.4444;84;1007.35;11.2654;215
1371911502;6/22/2013 14:31;17.8889;19.4444;83;1007.32;19.3121;225
1371911564;6/22/2013 14:32;17.8889;19.4444;83;1007.32;12.8748;227
1371911624;6/22/2013 14:33;17.8889;19.4444;84;1007.35;9.65606;205
1371911684;6/22/2013 14:34;17.8333;19.4444;84;1007.28;12.8748;185
1371911742;6/22/2013 14:35;17.8333;19.4444;84;1007.35;14.4841;228
1371911804;6/22/2013 14:36;17.7778;19.4444;84;1007.28;24.1402;193
1371911864;6/22/2013 14:37;17.7222;19.4444;84;1007.28;24.1402;237
1371911922;6/22/2013 14:38;17.6667;19.4444;84;1007.32;16.0934;217
1371911984;6/22/2013 14:39;17.6667;19.4444;84;1007.32;19.3121;186
1371912044;6/22/2013 14:40;17.6667;19.4444;84;1007.25;22.5308;230
1371912104;6/22/2013 14:41;17.6667;19.4444;84;1007.25;12.8748;240
1371912162;6/22/2013 14:42;17.6667;19.4444;84;1007.28;14.4841;215
1371912224;6/22/2013 14:43;17.7222;19.4444;84;1007.28;17.7028;225
1371912284;6/22/2013 14:44;17.7778;19.4444;85;1007.28;11.2654;212
1371912342;6/22/2013 14:45;17.7778;19.4444;84;1007.22;12.8748;190
1371912404;6/22/2013 14:46;17.7222;19.4444;84;1007.25;11.2654;219
1371912462;6/22/2013 14:47;17.6667;19.4444;85;1007.25;11.2654;178
1371912524;6/22/2013 14:48;17.6667;19.4444;85;1007.25;12.8748;221
1371912584;6/22/2013 14:49;17.6667;19.4444;85;1007.25;20.9215;225
1371912644;6/22/2013 14:50;17.6667;19.4444;85;1007.22;25.7495;222
1371912704;6/22/2013 14:51;17.6667;19.4444;85;1007.28;12.8748;193
1371912762;6/22/2013 14:52;17.7222;19.4444;85;1007.25;20.9215;223
1371912824;6/22/2013 14:53;17.7222;19.4444;85;1007.22;11.2654;205
1371912884;6/22/2013 14:54;17.7778;19.4444;85;1007.22;16.0934;235
1371912944;6/22/2013 14:55;17.7222;19.4444;85;1007.12;11.2654;205
1371913004;6/22/2013 14:56;17.7778;19.4444;86;1007.15;9.65606;194
1371913064;6/22/2013 14:57;17.7778;19.4444;85;1007.15;17.7028;213
1371913124;6/22/2013 14:58;17.7222;19.4444;86;1007.15;19.3121;220
1371913182;6/22/2013 14:59;17.6667;19.4444;86;1007.08;17.7028;217
1371913244;6/22/2013 15:00;17.6111;19.4444;86;1007.12;25.7495;186
1371913304;6/22/2013 15:01;17.5556;19.4444;86;1007.12;16.0934;210
1371913364;6/22/2013 15:02;17.5;19.4444;87;1007.12;11.2654;202
1371913424;6/22/2013 15:03;17.5;19.4444;87;1007.15;12.8748;229
1371913483;6/22/2013 15:04;17.5;19.4444;87;1007.12;14.4841;248
1371913544;6/22/2013 15:05;17.5;19.4444;87;1007.12;19.3121;227
1371913602;6/22/2013 15:06;17.5;19.4444;88;1007.08;11.2654;210
1371913664;6/22/2013 15:07;17.5556;19.4444;89;1007.08;17.7028;269
1371913724;6/22/2013 15:08;17.5556;19.4444;88;1007.05;12.8748;196
1371913784;6/22/2013 15:09;17.5556;19.4444;88;1007.05;9.65606;203
1371913844;6/22/2013 15:10;17.6111;19.4444;88;1007.08;9.65606;198
1371913902;6/22/2013 15:11;17.6111;19.4444;88;1007.12;11.2654;209
1371913964;6/22/2013 15:12;17.6111;19.4444;88;1007.05;12.8748;229
1371914022;6/22/2013 15:13;17.5556;19.4444;88;1007.05;16.0934;205
1371914084;6/22/2013 15:14;17.5556;19.4444;88;1007.05;12.8748;202
1371914144;6/22/2013 15:15;17.5556;19.4444;88;1007.01;9.65606;209
1371914202;6/22/2013 15:16;17.5556;19.4444;89;1006.98;6.43738;237
1371914264;6/22/2013 15:17;17.5556;19.4444;89;1006.95;12.8748;199
1371914324;6/22/2013 15:18;17.5556;19.4444;88;1007.01;12.8748;197
1371914384;6/22/2013 15:19;17.5556;19.4444;89;1007.01;14.4841;207
1371914442;6/22/2013 15:20;17.5;19.4444;89;1006.98;19.3121;223
1371914504;6/22/2013 15:21;17.5;19.4444;88;1006.91;11.2654;205
1371914564;6/22/2013 15:22;17.5556;19.4444;89;1006.95;20.9215;237
1371914622;6/22/2013 15:23;17.6111;19.4444;88;1006.88;11.2654;217
1371914684;6/22/2013 15:24;17.6667;19.4444;88;1006.91;20.9215;233
1371914744;6/22/2013 15:25;17.6667;19.4444;87;1006.91;14.4841;209
1371914804;6/22/2013 15:26;17.7222;19.4444;87;1006.84;22.5308;203
1371914862;6/22/2013 15:27;17.7778;19.4444;87;1006.91;11.2654;265
1371914922;6/22/2013 15:28;17.8333;19.4444;86;1006.91;17.7028;249
1371914984;6/22/2013 15:29;17.8333;19.4444;87;1006.88;8.04672;243
1371915044;6/22/2013 15:30;17.8889;19.4444;86;1006.91;16.0934;244
1371915104;6/22/2013 15:31;17.9444;19.4444;86;1006.84;8.04672;207
1371915164;6/22/2013 15:32;17.9444;19.4444;87;1006.84;9.65606;227
1371915223;6/22/2013 15:33;18;19.4444;87;1006.84;9.65606;240
1371915282;6/22/2013 15:34;18.0556;19.4444;87;1006.81;8.04672;229
1371915342;6/22/2013 15:35;18.0556;19.4444;86;1006.81;11.2654;215
1371915404;6/22/2013 15:36;18.1111;19.4444;86;1006.91;14.4841;202
1371915464;6/22/2013 15:37;18.1111;19.4444;86;1006.84;28.9682;219
1371915524;6/22/2013 15:38;18.0556;19.4444;85;1006.74;11.2654;209
1371915584;6/22/2013 15:39;18;19.4444;86;1006.74;25.7495;223
1371915642;6/22/2013 15:40;18;19.4444;86;1006.81;14.4841;243
1371915702;6/22/2013 15:41;17.9444;19.4444;86;1006.81;17.7028;222
1371915764;6/22/2013 15:42;17.8889;18.8889;87;1006.78;35.4056;244
1371915824;6/22/2013 15:43;17.7778;18.8889;87;1006.84;14.4841;222
1371915884;6/22/2013 15:44;17.7778;18.8889;88;1006.81;17.7028;198
1371915942;6/22/2013 15:45;17.7222;18.8889;89;1006.81;17.7028;221
1371916004;6/22/2013 15:46;17.6667;18.8889;89;1006.78;9.65606;213
1371916064;6/22/2013 15:47;17.6667;18.8889;89;1006.84;11.2654;198
1371916122;6/22/2013 15:48;17.6667;18.8889;90;1006.81;11.2654;216
1371916184;6/22/2013 15:49;17.6667;18.8889;90;1006.78;20.9215;252
1371916244;6/22/2013 15:50;17.5556;18.8889;89;1006.71;22.5308;247
1371916304;6/22/2013 15:51;17.5556;18.8889;89;1006.71;22.5308;188
1371916362;6/22/2013 15:52;17.5556;18.8889;89;1006.74;12.8748;245
1371916424;6/22/2013 15:53;17.5;18.8889;89;1006.68;20.9215;207
1371916484;6/22/2013 15:54;17.5556;18.8889;90;1006.68;16.0934;188
1371916542;6/22/2013 15:55;17.5556;18.8889;90;1006.68;9.65606;286
1371916604;6/22/2013 15:56;17.5556;18.8889;89;1006.64;9.65606;203
1371916662;6/22/2013 15:57;17.6111;18.8889;89;1006.64;19.3121;245
1371916724;6/22/2013 15:58;17.6111;18.8889;89;1006.71;16.0934;212
1371916784;6/22/2013 15:59;17.6111;18.8889;89;1006.71;12.8748;221
1371916844;6/22/2013 16:00;17.6111;18.8889;89;1006.64;16.0934;202
1371916904;6/22/2013 16:01;17.6667;18.8889;89;1006.61;20.9215;232
1371916962;6/22/2013 16:02;17.6667;18.8889;89;1006.64;20.9215;244
1371917024;6/22/2013 16:03;17.7222;18.8889;89;1006.61;16.0934;223
1371917082;6/22/2013 16:04;17.7778;19.4444;89;1006.57;22.5308;200
1371917144;6/22/2013 16:05;17.8333;19.4444;89;1006.57;12.8748;198
1371917204;6/22/2013 16:06;17.8889;19.4444;89;1006.57;17.7028;219
1371917264;6/22/2013 16:07;17.9444;19.4444;88;1006.57;14.4841;226
1371917324;6/22/2013 16:08;17.9444;19.4444;88;1006.54;9.65606;229
1371917382;6/22/2013 16:09;18;19.4444;88;1006.61;14.4841;221
1371917444;6/22/2013 16:10;18.0556;19.4444;88;1006.47;27.3588;240
1371917504;6/22/2013 16:11;18.0556;19.4444;87;1006.51;20.9215;215
1371917564;6/22/2013 16:12;18.0556;19.4444;87;1006.51;16.0934;211
1371917624;6/22/2013 16:13;18.0556;19.4444;88;1006.51;19.3121;231
1371917682;6/22/2013 16:14;18.0556;19.4444;87;1006.54;14.4841;223
1371917744;6/22/2013 16:15;18.0556;19.4444;88;1006.51;25.7495;210
1371917802;6/22/2013 16:16;18.0556;19.4444;87;1006.51;16.0934;194
1371917864;6/22/2013 16:17;18.0556;19.4444;87;1006.37;19.3121;225
1371917924;6/22/2013 16:18;18.0556;19.4444;87;1006.51;32.1869;214
1371917984;6/22/2013 16:19;18.0556;19.4444;87;1006.4;30.5775;221
1371918044;6/22/2013 16:20;18.0556;19.4444;88;1006.51;12.8748;196
1371918102;6/22/2013 16:21;18.0556;19.4444;88;1006.54;17.7028;220
1371918164;6/22/2013 16:22;18.0556;19.4444;88;1006.51;11.2654;199
1371918222;6/22/2013 16:23;18.0556;19.4444;88;1006.54;17.7028;204
1371918284;6/22/2013 16:24;18;19.4444;88;1006.61;14.4841;224
1371918344;6/22/2013 16:25;17.9444;19.4444;88;1006.54;8.04672;190
1371918402;6/22/2013 16:26;17.9444;19.4444;89;1006.54;9.65606;223
1371918464;6/22/2013 16:27;17.8889;19.4444;89;1006.61;4.82803;287
1371918524;6/22/2013 16:28;17.8889;19.4444;89;1006.61;16.0934;256
1371918584;6/22/2013 16:29;17.8333;19.4444;88;1006.54;12.8748;268
1371918642;6/22/2013 16:30;17.7778;19.4444;88;1006.61;11.2654;213
1371918704;6/22/2013 16:31;17.7778;19.4444;87;1006.57;12.8748;187
1371918764;6/22/2013 16:32;17.7778;19.4444;87;1006.54;19.3121;240
1371918822;6/22/2013 16:33;17.7778;19.4444;86;1006.54;9.65606;157
1371918884;6/22/2013 16:34;17.7778;19.4444;86;1006.61;19.3121;259
1371918944;6/22/2013 16:35;17.7222;19.4444;84;1006.47;9.65606;229
1371919004;6/22/2013 16:36;17.6667;19.4444;83;1006.64;17.7028;190
1371919062;6/22/2013 16:37;17.6667;19.4444;83;1006.54;14.4841;171
1371919122;6/22/2013 16:38;17.6667;19.4444;81;1006.44;11.2654;162
1371919184;6/22/2013 16:39;17.6667;19.4444;81;1006.64;11.2654;216
1371919244;6/22/2013 16:40;17.6667;19.4444;81;1006.57;12.8748;111
1371919304;6/22/2013 16:41;17.6667;19.4444;81;1006.71;6.43738;126
1371919364;6/22/2013 16:42;17.6667;19.4444;81;1006.64;8.04672;246
1371919424;6/22/2013 16:43;17.7222;19.4444;80;1006.64;17.7028;249
1371919482;6/22/2013 16:44;17.7222;19.4444;80;1006.68;24.1402;230
1371919542;6/22/2013 16:45;17.7778;19.4444;79;1006.54;11.2654;209
1371919604;6/22/2013 16:46;17.8333;19.4444;79;1006.57;9.65606;196
1371919664;6/22/2013 16:47;17.8333;19.4444;79;1006.61;6.43738;279
1371919724;6/22/2013 16:48;17.8889;19.4444;78;1006.54;19.3121;252
1371919784;6/22/2013 16:49;17.9444;19.4444;78;1006.61;9.65606;237
1371919842;6/22/2013 16:50;18;19.4444;79;1006.64;12.8748;240
1371919902;6/22/2013 16:51;18.0556;19.4444;78;1006.71;4.82803;208
1371919964;6/22/2013 16:52;18.1667;19.4444;78;1006.64;9.65606;173
1371920024;6/22/2013 16:53;18.2778;19.4444;77;1006.57;14.4841;250
1371920084;6/22/2013 16:54;18.3333;19.4444;76;1006.71;12.8748;310
1371920144;6/22/2013 16:55;18.3889;19.4444;74;1006.68;11.2654;252
1371920204;6/22/2013 16:56;18.3889;19.4444;74;1006.64;14.4841;271
1371920262;6/22/2013 16:57;18.3889;20;74;1006.71;4.82803;240
1371920322;6/22/2013 16:58;18.3889;20;74;1006.68;8.04672;333
1371920384;6/22/2013 16:59;18.3333;20;73;1006.71;11.2654;249
1371920444;6/22/2013 17:00;18.2778;20;73;1006.64;14.4841;117
1371920504;6/22/2013 17:01;18.2222;20;74;1006.71;9.65606;219
1371920562;6/22/2013 17:02;18.1667;20;73;1006.64;9.65606;189
1371920624;6/22/2013 17:03;18.1667;20;74;1006.64;19.3121;215
1371920684;6/22/2013 17:04;18.1111;20;73;1006.51;9.65606;246
1371920742;6/22/2013 17:05;18.0556;20;74;1006.61;14.4841;265
1371920804;6/22/2013 17:06;18.0556;20;74;1006.64;11.2654;228
1371920862;6/22/2013 17:07;18;20;74;1006.61;17.7028;253
1371920924;6/22/2013 17:08;18;20;75;1006.64;12.8748;239
1371920984;6/22/2013 17:09;18;20;74;1006.74;8.04672;223
1371921044;6/22/2013 17:10;18.0556;20;75;1006.71;19.3121;223
1371921104;6/22/2013 17:11;18.0556;20;75;1006.57;11.2654;206
1371921162;6/22/2013 17:12;18.0556;20;75;1006.71;16.0934;242
1371921224;6/22/2013 17:13;18;20;75;1006.61;11.2654;306
1371921282;6/22/2013 17:14;17.9444;20;75;1006.64;16.0934;259
1371921344;6/22/2013 17:15;17.9444;20;75;1006.74;12.8748;222
1371921404;6/22/2013 17:16;17.9444;20;75;1006.68;8.04672;207
1371921464;6/22/2013 17:17;17.8889;20;75;1006.74;12.8748;244
1371921524;6/22/2013 17:18;17.8889;20;75;1006.68;12.8748;258
1371921582;6/22/2013 17:19;17.8889;20;75;1006.81;11.2654;232
1371921644;6/22/2013 17:20;17.8333;20;74;1006.64;11.2654;202
1371921704;6/22/2013 17:21;17.8333;20;74;1006.71;9.65606;195
1371921764;6/22/2013 17:22;17.8333;20;75;1006.74;14.4841;236
1371921824;6/22/2013 17:23;17.8333;20;75;1006.68;12.8748;286
1371921884;6/22/2013 17:24;17.8333;20;75;1006.81;19.3121;228
1371921944;6/22/2013 17:25;17.7778;20;76;1006.81;12.8748;261
1371922002;6/22/2013 17:26;17.7778;20;76;1006.81;12.8748;226
1371922064;6/22/2013 17:27;17.7778;20;75;1006.78;9.65606;157
1371922124;6/22/2013 17:28;17.7778;20;75;1006.81;12.8748;189
1371922184;6/22/2013 17:29;17.7778;20;75;1006.88;9.65606;277
1371922244;6/22/2013 17:30;17.7222;20;75;1006.81;19.3121;224
1371922302;6/22/2013 17:31;17.7222;20;75;1006.81;6.43738;244
1371922364;6/22/2013 17:32;17.7222;20;75;1006.78;19.3121;270
1371922422;6/22/2013 17:33;17.7222;20;75;1006.84;17.7028;232
1371922484;6/22/2013 17:34;17.7222;20;75;1006.84;11.2654;178
1371922544;6/22/2013 17:35;17.7222;20;75;1006.95;19.3121;241
1371922602;6/22/2013 17:36;17.7222;19.4444;75;1006.88;17.7028;251
1371922664;6/22/2013 17:37;17.7222;19.4444;75;1006.95;9.65606;196
1371922722;6/22/2013 17:38;17.7778;19.4444;76;1006.98;8.04672;236
1371922784;6/22/2013 17:39;17.7778;19.4444;75;1006.98;8.04672;263
1371922842;6/22/2013 17:40;17.7778;19.4444;75;1006.95;8.04672;170
1371922904;6/22/2013 17:41;17.7222;19.4444;75;1006.95;12.8748;267
1371922964;6/22/2013 17:42;17.7222;19.4444;75;1006.95;8.04672;255
1371923022;6/22/2013 17:43;17.7222;19.4444;75;1006.88;6.43738;175
1371923084;6/22/2013 17:44;17.6667;19.4444;75;1006.95;11.2654;259
1371923144;6/22/2013 17:45;17.6667;19.4444;75;1007.01;6.43738;267
1371923204;6/22/2013 17:46;17.6667;19.4444;76;1006.98;6.43738;189
1371923262;6/22/2013 17:47;17.6667;19.4444;76;1006.98;4.82803;204
1371923322;6/22/2013 17:48;17.6667;19.4444;75;1006.98;11.2654;257
1371923384;6/22/2013 17:49;17.6667;19.4444;75;1006.95;9.65606;265
1371923442;6/22/2013 17:50;17.6667;19.4444;75;1006.91;14.4841;224
1371923504;6/22/2013 17:51;17.6667;19.4444;74;1006.91;12.8748;225
1371923564;6/22/2013 17:52;17.6667;19.4444;72;1006.78;11.2654;234
1371923624;6/22/2013 17:53;17.6667;19.4444;72;1006.98;8.04672;246
1371923682;6/22/2013 17:54;17.6667;19.4444;72;1006.91;14.4841;153
1371923742;6/22/2013 17:55;17.6667;19.4444;72;1006.95;8.04672;176
1371923804;6/22/2013 17:56;17.6111;19.4444;72;1007.01;9.65606;188
1371923864;6/22/2013 17:57;17.6111;19.4444;72;1006.98;8.04672;160
1371923924;6/22/2013 17:58;17.6111;19.4444;72;1007.01;6.43738;211
1371923984;6/22/2013 17:59;17.6111;19.4444;73;1006.95;17.7028;252
1371924042;6/22/2013 18:00;17.6111;19.4444;72;1007.01;9.65606;290
1371924102;6/22/2013 18:01;17.6111;19.4444;71;1006.98;14.4841;259
1371924164;6/22/2013 18:02;17.5556;19.4444;71;1007.01;6.43738;244
1371924224;6/22/2013 18:03;17.5556;19.4444;71;1007.05;14.4841;201
1371924284;6/22/2013 18:04;17.5556;19.4444;71;1007.12;9.65606;238
1371924344;6/22/2013 18:05;17.5;19.4444;71;1007.12;16.0934;250
1371924404;6/22/2013 18:06;17.5;19.4444;71;1007.08;11.2654;263
1371924462;6/22/2013 18:07;17.5;19.4444;71;1007.05;8.04672;232
1371924522;6/22/2013 18:08;17.5;19.4444;71;1007.05;6.43738;335
1371924584;6/22/2013 18:09;17.5;19.4444;72;1007.12;14.4841;235
1371924644;6/22/2013 18:10;17.5;19.4444;71;1006.95;6.43738;271
1371924704;6/22/2013 18:11;17.4444;19.4444;71;1007.05;6.43738;238
1371924762;6/22/2013 18:12;17.4444;19.4444;72;1007.01;20.9215;277
1371924824;6/22/2013 18:13;17.4444;19.4444;72;1007.08;16.0934;237
1371924884;6/22/2013 18:14;17.4444;19.4444;72;1007.01;6.43738;204
1371924942;6/22/2013 18:15;17.4444;19.4444;72;1007.05;12.8748;255
1371925004;6/22/2013 18:16;17.4444;19.4444;73;1007.12;17.7028;235
1371925063;6/22/2013 18:17;17.4444;19.4444;73;1007.12;11.2654;221
1371925124;6/22/2013 18:18;17.4444;19.4444;73;1007.12;9.65606;190
1371925182;6/22/2013 18:19;17.3889;19.4444;73;1007.12;4.82803;205
1371925244;6/22/2013 18:20;17.3889;19.4444;73;1007.12;8.04672;329
1371925304;6/22/2013 18:21;17.3889;19.4444;73;1007.12;12.8748;261
1371925362;6/22/2013 18:22;17.3889;18.8889;73;1007.12;20.9215;273
1371925424;6/22/2013 18:23;17.3889;18.8889;73;1007.12;9.65606;259
1371925482;6/22/2013 18:24;17.3889;18.8889;73;1007.18;9.65606;202
1371925544;6/22/2013 18:25;17.3889;18.8889;73;1007.15;4.82803;250
1371925604;6/22/2013 18:26;17.3889;18.8889;73;1007.22;11.2654;317
1371925664;6/22/2013 18:27;17.3889;18.8889;73;1007.15;9.65606;213
1371925724;6/22/2013 18:28;17.3333;18.8889;73;1007.18;16.0934;276
1371925782;6/22/2013 18:29;17.3333;18.8889;73;1007.15;3.21869;201
1371925844;6/22/2013 18:30;17.3333;18.8889;74;1007.12;6.43738;205
1371925902;6/22/2013 18:31;17.3333;18.8889;74;1007.22;8.04672;242
1371925964;6/22/2013 18:32;17.3333;18.8889;74;1007.22;14.4841;222
1371926024;6/22/2013 18:33;17.3333;18.8889;73;1007.18;9.65606;225
1371926084;6/22/2013 18:34;17.3333;18.8889;73;1007.18;3.21869;268
1371926144;6/22/2013 18:35;17.3333;18.8889;73;1007.22;11.2654;213
1371926202;6/22/2013 18:36;17.2778;18.8889;73;1007.22;11.2654;302
1371926264;6/22/2013 18:37;17.2778;18.8889;73;1007.22;6.43738;295
1371926324;6/22/2013 18:38;17.2778;18.8889;73;1007.22;22.5308;305
1371926384;6/22/2013 18:39;17.2778;18.8889;72;1007.18;11.2654;235
1371926444;6/22/2013 18:40;17.2778;18.8889;72;1007.18;9.65606;202
1371926502;6/22/2013 18:41;17.2778;18.8889;72;1007.18;12.8748;263
1371926564;6/22/2013 18:42;17.2778;18.8889;73;1007.22;9.65606;269
1371926622;6/22/2013 18:43;17.2778;18.8889;72;1007.22;9.65606;199
1371926684;6/22/2013 18:44;17.2778;18.8889;72;1007.25;14.4841;279
1371926744;6/22/2013 18:45;17.2778;18.8889;72;1007.25;6.43738;240
1371926804;6/22/2013 18:46;17.2778;18.8889;72;1007.25;6.43738;222
1371926864;6/22/2013 18:47;17.2778;18.8889;73;1007.22;4.82803;176
1371926922;6/22/2013 18:48;17.2778;18.8889;73;1007.22;8.04672;236
1371926984;6/22/2013 18:49;17.2222;18.8889;73;1007.22;11.2654;281
1371927042;6/22/2013 18:50;17.2222;18.8889;73;1007.22;6.43738;225
1371927104;6/22/2013 18:51;17.2222;18.8889;72;1007.25;11.2654;17
1371927164;6/22/2013 18:52;17.2222;18.8889;73;1007.28;6.43738;249
1371927222;6/22/2013 18:53;17.2222;18.8889;73;1007.25;8.04672;238
1371927284;6/22/2013 18:54;17.2222;18.8889;72;1007.22;6.43738;195
1371927344;6/22/2013 18:55;17.1667;18.8889;73;1007.28;6.43738;236
1371927404;6/22/2013 18:56;17.1667;18.8889;73;1007.28;8.04672;236
1371927462;6/22/2013 18:57;17.1667;18.8889;73;1007.25;6.43738;194
1371927523;6/22/2013 18:58;17.1667;18.8889;73;1007.25;12.8748;236
1371927584;6/22/2013 18:59;17.1667;18.8889;73;1007.28;6.43738;234
1371927642;6/22/2013 19:00;17.1667;18.8889;74;1007.25;17.7028;237
1371927704;6/22/2013 19:01;17.1667;18.8889;73;1007.25;14.4841;187
1371927764;6/22/2013 19:02;17.1111;18.8889;72;1007.22;19.3121;236
1371927824;6/22/2013 19:03;17.1111;18.8889;72;1007.18;17.7028;248
1371927882;6/22/2013 19:04;17.1111;18.8889;72;1007.18;6.43738;261
1371927942;6/22/2013 19:05;17.1111;18.8889;72;1007.25;4.82803;272
1371928004;6/22/2013 19:06;17.0556;18.8889;72;1007.25;12.8748;270
1371928064;6/22/2013 19:07;17.0556;18.8889;72;1007.32;8.04672;167
1371928124;6/22/2013 19:08;17.0556;18.8889;72;1007.25;11.2654;233
1371928184;6/22/2013 19:09;17.0556;18.8889;72;1007.28;4.82803;179
1371928242;6/22/2013 19:10;17.0556;18.8889;72;1007.25;9.65606;323
1371928302;6/22/2013 19:11;17;18.8889;72;1007.39;4.82803;182
1371928362;6/22/2013 19:12;17;18.8889;73;1007.39;6.43738;170
1371928424;6/22/2013 19:13;17;18.8889;73;1007.45;11.2654;322
1371928484;6/22/2013 19:14;17;18.8889;73;1007.35;8.04672;281
1371928544;6/22/2013 19:15;17;18.8889;73;1007.42;4.82803;213
1371928604;6/22/2013 19:16;16.9444;18.8889;73;1007.35;1.60934;190
1371928662;6/22/2013 19:17;17;18.8889;74;1007.42;12.8748;261
1371928722;6/22/2013 19:18;16.9444;18.8889;73;1007.39;3.21869;192
1371928784;6/22/2013 19:19;16.9444;18.8889;74;1007.39;8.04672;218
1371928844;6/22/2013 19:20;16.9444;18.8889;74;1007.39;11.2654;262
1371928904;6/22/2013 19:21;16.8889;18.8889;74;1007.42;6.43738;243
1371928962;6/22/2013 19:22;16.8889;18.8889;74;1007.42;12.8748;248
1371929024;6/22/2013 19:23;16.8333;18.8889;74;1007.45;12.8748;259
1371929082;6/22/2013 19:24;16.8333;18.8889;74;1007.52;8.04672;192
1371929142;6/22/2013 19:25;16.8333;18.8889;73;1007.39;11.2654;199
1371929204;6/22/2013 19:26;16.7778;18.8889;74;1007.42;9.65606;171
1371929264;6/22/2013 19:27;16.7778;18.8889;74;1007.39;8.04672;248
1371929324;6/22/2013 19:28;16.7222;18.3333;74;1007.39;9.65606;185
1371929382;6/22/2013 19:29;16.7222;18.3333;75;1007.42;11.2654;205
1371929444;6/22/2013 19:30;16.6667;18.3333;75;1007.42;12.8748;254
1371929504;6/22/2013 19:31;16.6667;18.3333;75;1007.42;9.65606;252
1371929562;6/22/2013 19:32;16.6111;18.3333;75;1007.45;11.2654;243
1371929624;6/22/2013 19:33;16.6111;18.3333;75;1007.45;8.04672;325
1371929682;6/22/2013 19:34;16.6111;18.3333;74;1007.45;17.7028;242
1371929744;6/22/2013 19:35;16.5556;18.3333;74;1007.42;9.65606;257
1371929804;6/22/2013 19:36;16.5556;18.3333;74;1007.42;9.65606;222
1371929864;6/22/2013 19:37;16.5556;18.3333;74;1007.45;6.43738;240
1371929924;6/22/2013 19:38;16.5556;18.3333;75;1007.49;3.21869;209
1371929983;6/22/2013 19:39;16.5556;18.3333;75;1007.45;9.65606;257
1371930044;6/22/2013 19:40;16.5;18.3333;75;1007.52;14.4841;269
1371930102;6/22/2013 19:41;16.5;18.3333;75;1007.52;11.2654;224
1371930164;6/22/2013 19:42;16.5;18.3333;75;1007.56;4.82803;185
1371930224;6/22/2013 19:43;16.4444;18.3333;75;1007.56;12.8748;230
1371930284;6/22/2013 19:44;16.4444;18.3333;75;1007.59;9.65606;252
1371930344;6/22/2013 19:45;16.3889;18.3333;75;1007.59;9.65606;263
1371930402;6/22/2013 19:46;16.3889;18.3333;75;1007.59;6.43738;252
1371930464;6/22/2013 19:47;16.3889;18.3333;75;1007.62;6.43738;184
1371930524;6/22/2013 19:48;16.3333;18.3333;76;1007.66;8.04672;225
1371930583;6/22/2013 19:49;16.3333;18.3333;75;1007.62;14.4841;229
1371930643;6/22/2013 19:50;16.3333;18.3333;75;1007.59;14.4841;273
1371930703;6/22/2013 19:51;16.3333;18.3333;75;1007.59;8.04672;169
1371930763;6/22/2013 19:52;16.2778;18.3333;74;1007.56;9.65606;283
1371930824;6/22/2013 19:53;16.2778;18.3333;75;1007.69;14.4841;228
1371930884;6/22/2013 19:54;16.2778;18.3333;74;1007.66;14.4841;221
1371930944;6/22/2013 19:55;16.2778;18.3333;74;1007.66;4.82803;188
1371931003;6/22/2013 19:56;16.2778;18.3333;75;1007.72;6.43738;142
1371931064;6/22/2013 19:57;16.2222;18.3333;75;1007.76;16.0934;273
1371931122;6/22/2013 19:58;16.2222;18.3333;75;1007.76;11.2654;222
1371931183;6/22/2013 19:59;16.2222;18.3333;75;1007.76;14.4841;256
1371931244;6/22/2013 20:00;16.2222;18.3333;75;1007.76;8.04672;209
1371931304;6/22/2013 20:01;16.2222;18.3333;75;1007.76;8.04672;241
1371931364;6/22/2013 20:02;16.2222;18.3333;75;1007.76;11.2654;223
1371931422;6/22/2013 20:03;16.1667;18.3333;75;1007.79;11.2654;190
1371931484;6/22/2013 20:04;16.1667;18.3333;75;1007.79;4.82803;200
1371931544;6/22/2013 20:05;16.1667;18.3333;75;1007.83;9.65606;274
1371931603;6/22/2013 20:06;16.1667;18.3333;75;1007.79;8.04672;200
1371931664;6/22/2013 20:07;16.1667;18.3333;75;1007.72;16.0934;238
1371931724;6/22/2013 20:08;16.1667;18.3333;75;1007.76;11.2654;175
1371931784;6/22/2013 20:09;16.1111;18.3333;75;1007.83;12.8748;225
1371931844;6/22/2013 20:10;16.1111;18.3333;75;1007.86;12.8748;253
1371931904;6/22/2013 20:11;16.1111;18.3333;75;1007.93;17.7028;250
1371931964;6/22/2013 20:12;16.0556;18.3333;75;1007.79;8.04672;188
1371932023;6/22/2013 20:13;16.0556;18.3333;75;1007.96;6.43738;238
1371932084;6/22/2013 20:14;16.0556;18.3333;75;1007.96;6.43738;283
1371932142;6/22/2013 20:15;16.0556;18.3333;75;1007.93;9.65606;227
1371932204;6/22/2013 20:16;16.0556;18.3333;75;1007.96;8.04672;164
1371932264;6/22/2013 20:17;16.0556;18.3333;75;1007.96;8.04672;233
1371932324;6/22/2013 20:18;16.0556;18.3333;75;1008;8.04672;224
1371932384;6/22/2013 20:19;16;18.3333;75;1008;12.8748;252
1371932442;6/22/2013 20:20;16;18.3333;75;1007.96;9.65606;254
1371932504;6/22/2013 20:21;15.9444;18.3333;76;1007.89;12.8748;252
1371932564;6/22/2013 20:22;15.9444;18.3333;76;1007.93;19.3121;229
1371932624;6/22/2013 20:23;15.9444;18.3333;76;1008.03;16.0934;267
1371932684;6/22/2013 20:24;15.8889;18.3333;76;1007.93;27.3588;227
1371932744;6/22/2013 20:25;15.8889;18.3333;76;1007.93;11.2654;235
1371932804;6/22/2013 20:26;15.8333;17.7778;76;1007.96;4.82803;225
1371932862;6/22/2013 20:27;15.8333;17.7778;76;1008.06;4.82803;205
1371932924;6/22/2013 20:28;15.8333;17.7778;76;1008.06;4.82803;258
1371932984;6/22/2013 20:29;15.8333;17.7778;77;1008.13;12.8748;242
1371933044;6/22/2013 20:30;15.8333;17.7778;77;1008.1;17.7028;257
1371933104;6/22/2013 20:31;15.7778;17.7778;76;1008.06;14.4841;219
1371933163;6/22/2013 20:32;15.8333;17.7778;76;1008.03;11.2654;225
1371933224;6/22/2013 20:33;15.7778;17.7778;76;1008.1;14.4841;225
1371933283;6/22/2013 20:34;15.7778;17.7778;76;1008.1;8.04672;220
1371933344;6/22/2013 20:35;15.7778;17.7778;76;1008.1;12.8748;284
1371933404;6/22/2013 20:36;15.7778;17.7778;76;1008.03;6.43738;220
1371933464;6/22/2013 20:37;15.7222;17.7778;76;1008.17;12.8748;213
1371933524;6/22/2013 20:38;15.7222;17.7778;76;1008.2;11.2654;212
1371933582;6/22/2013 20:39;15.7222;17.7778;76;1008.17;12.8748;266
1371933644;6/22/2013 20:40;15.6667;17.7778;77;1008.23;12.8748;223
1371933703;6/22/2013 20:41;15.6667;17.7778;77;1008.27;6.43738;284
1371933764;6/22/2013 20:42;15.6111;17.7778;76;1008.27;9.65606;240
1371933824;6/22/2013 20:43;15.6111;17.7778;76;1008.3;9.65606;186
1371933882;6/22/2013 20:44;15.6111;17.7778;77;1008.33;11.2654;211
1371933944;6/22/2013 20:45;15.5556;17.7778;77;1008.3;11.2654;198
1371934004;6/22/2013 20:46;15.5556;17.7778;77;1008.27;9.65606;228
1371934064;6/22/2013 20:47;15.5556;17.7778;77;1008.3;9.65606;196
1371934123;6/22/2013 20:48;15.5556;17.7778;77;1008.27;6.43738;224
1371934184;6/22/2013 20:49;15.5556;17.7778;76;1008.3;12.8748;246
1371934244;6/22/2013 20:50;15.5556;17.7778;77;1008.27;8.04672;242
1371934304;6/22/2013 20:51;15.5;17.7778;77;1008.4;8.04672;181
1371934364;6/22/2013 20:52;15.5;17.7778;77;1008.3;17.7028;231
1371934424;6/22/2013 20:53;15.5;17.7778;77;1008.27;6.43738;237
1371934484;6/22/2013 20:54;15.4444;17.7778;77;1008.37;6.43738;200
1371934543;6/22/2013 20:55;15.4444;17.7778;77;1008.37;11.2654;200
1371934602;6/22/2013 20:56;15.4444;17.7778;77;1008.4;14.4841;237
1371934664;6/22/2013 20:57;15.4444;17.7778;77;1008.33;6.43738;221
1371934724;6/22/2013 20:58;15.4444;17.7778;77;1008.37;6.43738;224
1371934784;6/22/2013 20:59;15.4444;17.7778;77;1008.37;14.4841;237
1371934844;6/22/2013 21:00;15.4444;17.7778;78;1008.37;4.82803;201
1371934903;6/22/2013 21:01;15.4444;17.7778;78;1008.37;8.04672;203
1371934962;6/22/2013 21:02;15.4444;17.7778;78;1008.4;9.65606;184
1371935024;6/22/2013 21:03;15.3889;17.7778;78;1008.4;8.04672;249
1371935084;6/22/2013 21:04;15.3889;17.7778;77;1008.47;9.65606;209
1371935144;6/22/2013 21:05;15.3889;17.7778;77;1008.44;12.8748;229
1371935204;6/22/2013 21:06;15.3889;17.7778;78;1008.44;8.04672;211
1371935264;6/22/2013 21:07;15.3889;17.7778;78;1008.47;6.43738;256
1371935322;6/22/2013 21:08;15.3889;17.7778;78;1008.47;4.82803;222
1371935382;6/22/2013 21:09;15.3889;17.7778;78;1008.47;6.43738;271
1371935444;6/22/2013 21:10;15.3889;17.7778;78;1008.47;6.43738;281
1371935504;6/22/2013 21:11;15.3333;17.7778;78;1008.47;12.8748;257
1371935564;6/22/2013 21:12;15.3889;17.7778;78;1008.47;9.65606;215
1371935622;6/22/2013 21:13;15.3889;17.7778;78;1008.44;8.04672;263
1371935684;6/22/2013 21:14;15.3889;17.7778;78;1008.47;8.04672;241
1371935744;6/22/2013 21:15;15.3333;17.7778;78;1008.5;8.04672;220
1371935802;6/22/2013 21:16;15.3333;17.7778;78;1008.54;12.8748;225
1371935864;6/22/2013 21:17;15.3333;17.7778;79;1008.54;9.65606;245
1371935924;6/22/2013 21:18;15.3333;17.7778;78;1008.5;11.2654;243
1371935984;6/22/2013 21:19;15.3333;17.7778;78;1008.47;12.8748;281
1371936042;6/22/2013 21:20;15.3333;17.7778;79;1008.54;9.65606;199
1371936104;6/22/2013 21:21;15.3333;17.7778;79;1008.5;9.65606;229
1371936164;6/22/2013 21:22;15.2778;17.7778;78;1008.54;9.65606;229
1371936222;6/22/2013 21:23;15.2778;17.7778;78;1008.54;12.8748;258
1371936284;6/22/2013 21:24;15.2778;17.7778;78;1008.5;14.4841;233
1371936342;6/22/2013 21:25;15.2778;17.7778;78;1008.5;9.65606;194
1371936404;6/22/2013 21:26;15.2778;17.7778;78;1008.47;9.65606;224
1371936464;6/22/2013 21:27;15.2778;17.7778;77;1008.47;12.8748;236
1371936524;6/22/2013 21:28;15.2778;17.7778;77;1008.47;11.2654;250
1371936584;6/22/2013 21:29;15.2778;17.7778;78;1008.5;11.2654;244
1371936642;6/22/2013 21:30;15.2778;17.7778;77;1008.44;9.65606;183
1371936704;6/22/2013 21:31;15.2778;17.7778;77;1008.44;8.04672;293
1371936764;6/22/2013 21:32;15.2778;17.7778;77;1008.44;8.04672;198
1371936824;6/22/2013 21:33;15.2778;17.7778;77;1008.47;6.43738;201
1371936884;6/22/2013 21:34;15.2778;17.7778;77;1008.47;8.04672;211
1371936944;6/22/2013 21:35;15.2778;17.7778;77;1008.47;6.43738;217
1371937004;6/22/2013 21:36;15.2778;17.7778;77;1008.54;11.2654;204
1371937062;6/22/2013 21:37;15.2778;17.7778;77;1008.54;14.4841;242
1371937124;6/22/2013 21:38;15.2778;17.7778;76;1008.57;6.43738;184
1371937184;6/22/2013 21:39;15.2778;17.7778;77;1008.64;9.65606;239
1371937244;6/22/2013 21:40;15.2778;17.7778;77;1008.61;9.65606;267
1371937304;6/22/2013 21:41;15.2778;17.7778;77;1008.64;9.65606;252
1371937362;6/22/2013 21:42;15.2778;17.7778;77;1008.67;6.43738;202
1371937424;6/22/2013 21:43;15.2778;17.7778;77;1008.67;9.65606;219
1371937482;6/22/2013 21:44;15.2778;17.7778;77;1008.67;4.82803;182
1371937544;6/22/2013 21:45;15.2778;17.7778;77;1008.64;9.65606;224
1371937604;6/22/2013 21:46;15.2222;17.2222;77;1008.71;6.43738;269
1371937664;6/22/2013 21:47;15.2222;17.2222;78;1008.67;9.65606;248
1371937724;6/22/2013 21:48;15.2222;17.2222;78;1008.67;9.65606;236
1371937782;6/22/2013 21:49;15.2222;17.2222;78;1008.71;19.3121;232
1371937844;6/22/2013 21:50;15.1667;17.2222;77;1008.67;12.8748;209
1371937902;6/22/2013 21:51;15.1667;17.2222;77;1008.64;11.2654;216
1371937964;6/22/2013 21:52;15.1667;17.2222;77;1008.61;17.7028;225
1371938024;6/22/2013 21:53;15.1667;17.2222;77;1008.64;16.0934;263
1371938082;6/22/2013 21:54;15.1667;17.2222;77;1008.64;8.04672;246
1371938144;6/22/2013 21:55;15.1111;17.2222;77;1008.64;16.0934;224
1371938204;6/22/2013 21:56;15.1111;17.2222;77;1008.67;9.65606;269
1371938264;6/22/2013 21:57;15.1111;17.2222;78;1008.64;6.43738;182
1371938322;6/22/2013 21:58;15.1111;17.2222;78;1008.67;3.21869;210
1371938384;6/22/2013 21:59;15.0556;17.2222;78;1008.67;4.82803;157
1371938444;6/22/2013 22:00;15.0556;17.2222;78;1008.64;4.82803;219
1371938502;6/22/2013 22:01;15.0556;17.2222;78;1008.74;6.43738;239
1371938564;6/22/2013 22:02;15.0556;17.2222;78;1008.77;8.04672;138
1371938624;6/22/2013 22:03;15.0556;17.2222;78;1008.74;8.04672;215
1371938684;6/22/2013 22:04;15;17.2222;78;1008.67;12.8748;223
1371938742;6/22/2013 22:05;15;17.2222;78;1008.71;8.04672;183
1371938802;6/22/2013 22:06;15;17.2222;78;1008.67;6.43738;242
1371938864;6/22/2013 22:07;15;17.2222;78;1008.71;3.21869;136
1371938924;6/22/2013 22:08;15;17.2222;78;1008.71;24.1402;253
1371938984;6/22/2013 22:09;15;17.2222;77;1008.67;16.0934;211
1371939044;6/22/2013 22:10;14.9444;17.2222;77;1008.61;4.82803;236
1371939104;6/22/2013 22:11;14.9444;17.2222;78;1008.71;8.04672;220
1371939162;6/22/2013 22:12;14.9444;17.2222;78;1008.71;8.04672;209
1371939222;6/22/2013 22:13;14.9444;17.2222;78;1008.71;12.8748;252
1371939284;6/22/2013 22:14;14.9444;17.2222;78;1008.71;8.04672;191
1371939344;6/22/2013 22:15;14.9444;17.2222;78;1008.74;8.04672;229
1371939404;6/22/2013 22:16;14.9444;17.2222;78;1008.71;6.43738;236
1371939464;6/22/2013 22:17;14.9444;17.2222;78;1008.67;8.04672;207
1371939522;6/22/2013 22:18;14.8889;17.2222;78;1008.64;8.04672;270
1371939582;6/22/2013 22:19;14.8889;17.2222;78;1008.67;4.82803;336
1371939644;6/22/2013 22:20;14.8889;17.2222;78;1008.74;12.8748;235
1371939704;6/22/2013 22:21;14.8889;17.2222;78;1008.74;4.82803;242
1371939764;6/22/2013 22:22;14.8889;17.2222;78;1008.71;12.8748;235
1371939822;6/22/2013 22:23;14.8889;17.2222;78;1008.67;6.43738;240
1371939884;6/22/2013 22:24;14.8889;17.2222;78;1008.67;6.43738;169
1371939944;6/22/2013 22:25;14.8889;17.2222;78;1008.74;4.82803;309
1371940002;6/22/2013 22:26;14.8889;17.2222;78;1008.67;9.65606;242
1371940064;6/22/2013 22:27;14.8889;17.2222;78;1008.71;3.21869;195
1371940124;6/22/2013 22:28;14.8889;17.2222;78;1008.74;9.65606;204
1371940184;6/22/2013 22:29;14.8333;17.2222;79;1008.74;11.2654;254
1371940242;6/22/2013 22:30;14.8333;17.2222;79;1008.71;3.21869;179
1371940304;6/22/2013 22:31;14.8333;17.2222;79;1008.71;9.65606;225
1371940364;6/22/2013 22:32;14.8333;17.2222;79;1008.71;9.65606;217
1371940422;6/22/2013 22:33;14.8333;17.2222;79;1008.71;12.8748;208
1371940484;6/22/2013 22:34;14.8333;17.2222;79;1008.71;6.43738;163
1371940542;6/22/2013 22:35;14.7778;17.2222;79;1008.64;14.4841;219
1371940604;6/22/2013 22:36;14.7778;17.2222;79;1008.77;8.04672;155
1371940664;6/22/2013 22:37;14.7778;17.2222;79;1008.71;4.82803;184
1371940724;6/22/2013 22:38;14.7778;17.2222;79;1008.77;3.21869;186
1371940784;6/22/2013 22:39;14.7778;17.2222;79;1008.74;9.65606;238
1371940842;6/22/2013 22:40;14.7778;17.2222;79;1008.74;6.43738;174
1371940904;6/22/2013 22:41;14.7778;17.2222;79;1008.77;8.04672;224
1371940962;6/22/2013 22:42;14.7778;17.2222;79;1008.74;12.8748;239
1371941024;6/22/2013 22:43;14.7222;17.2222;79;1008.84;6.43738;190
1371941084;6/22/2013 22:44;14.7222;17.2222;79;1008.81;8.04672;238
1371941144;6/22/2013 22:45;14.7222;17.2222;79;1008.81;8.04672;287
1371941204;6/22/2013 22:46;14.7222;17.2222;79;1008.81;9.65606;218
1371941262;6/22/2013 22:47;14.7222;17.2222;79;1008.74;4.82803;195
1371941324;6/22/2013 22:48;14.7222;17.2222;79;1008.77;9.65606;191
1371941384;6/22/2013 22:49;14.7222;17.2222;79;1008.84;9.65606;219
1371941444;6/22/2013 22:50;14.7222;17.2222;79;1008.81;9.65606;254
1371941504;6/22/2013 22:51;14.7222;17.2222;79;1008.88;9.65606;215
1371941562;6/22/2013 22:52;14.7222;17.2222;79;1008.77;6.43738;221
1371941624;6/22/2013 22:53;14.7222;17.2222;79;1008.88;14.4841;223
1371941682;6/22/2013 22:54;14.7222;17.2222;79;1008.88;6.43738;273
1371941744;6/22/2013 22:55;14.7222;17.2222;79;1008.84;11.2654;250
1371941804;6/22/2013 22:56;14.6667;17.2222;79;1008.84;4.82803;184
1371941864;6/22/2013 22:57;14.6667;17.2222;79;1008.77;12.8748;260
1371941924;6/22/2013 22:58;14.6667;17.2222;79;1008.77;12.8748;313
1371941982;6/22/2013 22:59;14.6667;17.2222;79;1008.74;8.04672;217
1371942044;6/22/2013 23:00;14.6667;17.2222;79;1008.77;4.82803;137
1371942102;6/22/2013 23:01;14.6667;17.2222;80;1008.77;11.2654;242
1371942164;6/22/2013 23:02;14.6667;17.2222;79;1008.77;9.65606;253
1371942224;6/22/2013 23:03;14.6667;17.2222;79;1008.81;4.82803;186
1371942282;6/22/2013 23:04;14.6667;17.2222;79;1008.81;4.82803;230
1371942344;6/22/2013 23:05;14.6111;17.2222;80;1008.84;6.43738;210
1371942404;6/22/2013 23:06;14.6111;17.2222;80;1008.84;9.65606;232
1371942464;6/22/2013 23:07;14.6111;17.2222;80;1008.81;9.65606;240
1371942522;6/22/2013 23:08;14.6111;17.2222;80;1008.88;11.2654;223
1371942584;6/22/2013 23:09;14.6111;17.2222;80;1008.84;6.43738;196
1371942644;6/22/2013 23:10;14.6111;17.2222;80;1008.84;9.65606;238
1371942702;6/22/2013 23:11;14.5556;17.2222;80;1008.77;12.8748;198
1371942764;6/22/2013 23:12;14.6111;17.2222;80;1008.88;6.43738;196
1371942824;6/22/2013 23:13;14.5556;17.2222;80;1008.81;9.65606;217
1371942884;6/22/2013 23:14;14.5556;17.2222;80;1008.74;4.82803;217
1371942942;6/22/2013 23:15;14.5556;17.2222;80;1008.77;6.43738;253
1371943002;6/22/2013 23:16;14.5556;17.2222;80;1008.77;11.2654;229
1371943064;6/22/2013 23:17;14.5556;17.2222;80;1008.84;11.2654;231
1371943124;6/22/2013 23:18;14.5556;17.2222;80;1008.84;6.43738;224
1371943184;6/22/2013 23:19;14.5556;17.2222;80;1008.81;8.04672;238
1371943244;6/22/2013 23:20;14.5556;17.2222;80;1008.81;9.65606;198
1371943304;6/22/2013 23:21;14.5556;17.2222;80;1008.84;12.8748;178
1371943362;6/22/2013 23:22;14.5556;17.2222;80;1008.88;4.82803;160
1371943422;6/22/2013 23:23;14.5556;17.2222;80;1008.88;3.21869;213
1371943484;6/22/2013 23:24;14.5556;17.2222;80;1008.91;11.2654;260
1371943544;6/22/2013 23:25;14.5556;17.2222;81;1008.84;9.65606;236
1371943604;6/22/2013 23:26;14.5556;17.2222;81;1008.88;11.2654;243
1371943664;6/22/2013 23:27;14.5556;17.2222;80;1008.81;3.21869;223
1371943722;6/22/2013 23:28;14.5556;17.2222;80;1008.88;8.04672;188
1371943782;6/22/2013 23:29;14.5;17.2222;81;1008.81;11.2654;209
1371943844;6/22/2013 23:30;14.5;17.2222;80;1008.77;12.8748;225
1371943904;6/22/2013 23:31;14.5;17.2222;80;1008.81;6.43738;226
1371943964;6/22/2013 23:32;14.5;17.2222;80;1008.84;11.2654;282
1371944022;6/22/2013 23:33;14.5;17.2222;80;1008.84;6.43738;178
1371944084;6/22/2013 23:34;14.5;16.6667;80;1008.88;12.8748;168
1371944142;6/22/2013 23:35;14.5;16.6667;80;1008.88;11.2654;226
1371944202;6/22/2013 23:36;14.5;16.6667;81;1008.94;8.04672;226
1371944264;6/22/2013 23:37;14.5;16.6667;80;1008.94;6.43738;171
1371944324;6/22/2013 23:38;14.5;16.6667;80;1008.91;6.43738;199
1371944384;6/22/2013 23:39;14.5;16.6667;80;1008.94;12.8748;249
1371944442;6/22/2013 23:40;14.4444;16.6667;80;1008.94;6.43738;173
1371944504;6/22/2013 23:41;14.4444;16.6667;80;1008.91;11.2654;327
1371944564;6/22/2013 23:42;14.4444;16.6667;80;1008.91;6.43738;275
1371944622;6/22/2013 23:43;14.5;16.6667;80;1008.94;6.43738;221
1371944684;6/22/2013 23:44;14.4444;16.6667;81;1008.94;8.04672;157
1371944742;6/22/2013 23:45;14.4444;16.6667;81;1008.91;9.65606;229
1371944804;6/22/2013 23:46;14.4444;16.6667;80;1008.91;4.82803;179
1371944864;6/22/2013 23:47;14.4444;16.6667;81;1008.98;4.82803;169
1371944924;6/22/2013 23:48;14.4444;16.6667;81;1008.91;8.04672;286
1371944984;6/22/2013 23:49;14.4444;16.6667;81;1008.94;11.2654;235
1371945042;6/22/2013 23:50;14.4444;16.6667;81;1008.84;14.4841;229
1371945104;6/22/2013 23:51;14.4444;16.6667;81;1008.88;9.65606;264
1371945162;6/22/2013 23:52;14.4444;16.6667;81;1008.94;12.8748;299
1371945224;6/22/2013 23:53;14.4444;16.6667;81;1008.91;9.65606;234
1371945284;6/22/2013 23:54;14.3889;16.6667;81;1008.94;6.43738;236
1371945344;6/22/2013 23:55;14.3889;16.6667;81;1008.88;4.82803;188
1371945404;6/22/2013 23:56;14.3889;16.6667;82;1008.84;8.04672;252
1371945462;6/22/2013 23:57;14.3889;16.6667;82;1008.88;12.8748;242
1371945524;6/22/2013 23:58;14.3889;16.6667;82;1008.98;6.43738;246
1371945584;6/22/2013 23:59;14.3889;16.6667;82;1008.91;6.43738;239
1371945644;6/23/2013 0:00;14.3889;16.6667;81;1008.88;8.04672;296
1371945704;6/23/2013 0:01;14.3889;16.6667;81;1008.84;8.04672;210
1371945764;6/23/2013 0:02;14.3889;16.6667;82;1008.91;12.8748;241
1371945824;6/23/2013 0:03;14.3889;16.6667;82;1008.88;19.3121;233
1371945882;6/23/2013 0:04;14.3889;16.6667;82;1008.88;11.2654;269
1371945944;6/23/2013 0:05;14.3889;16.6667;82;1008.91;11.2654;194
1371946004;6/23/2013 0:06;14.3889;16.6667;82;1008.88;12.8748;251
1371946064;6/23/2013 0:07;14.3333;16.6667;82;1008.91;12.8748;267
1371946124;6/23/2013 0:08;14.3333;16.6667;82;1008.81;8.04672;267
1371946182;6/23/2013 0:09;14.3333;16.6667;82;1008.84;6.43738;282
1371946244;6/23/2013 0:10;14.3333;16.6667;82;1008.84;8.04672;225
1371946302;6/23/2013 0:11;14.3333;16.6667;82;1008.84;9.65606;235
1371946364;6/23/2013 0:12;14.3333;16.6667;82;1008.84;6.43738;174
1371946424;6/23/2013 0:13;14.3333;16.6667;82;1008.88;6.43738;169
1371946482;6/23/2013 0:14;14.3333;16.6667;82;1008.84;1.60934;196
1371946544;6/23/2013 0:15;14.3333;16.6667;82;1008.91;8.04672;221
1371946602;6/23/2013 0:16;14.3333;16.6667;82;1008.84;6.43738;238
1371946664;6/23/2013 0:17;14.3333;16.6667;82;1008.91;3.21869;146
1371946722;6/23/2013 0:18;14.3333;16.6667;82;1008.91;9.65606;279
1371946784;6/23/2013 0:19;14.3333;16.6667;82;1008.81;8.04672;144
1371946844;6/23/2013 0:20;14.2778;16.6667;81;1008.84;4.82803;261
1371946902;6/23/2013 0:21;14.2778;16.6667;82;1008.88;3.21869;302
1371946964;6/23/2013 0:22;14.2778;16.6667;82;1008.88;3.21869;284
1371947024;6/23/2013 0:23;14.2778;16.6667;82;1008.84;8.04672;187
1371947084;6/23/2013 0:24;14.2778;16.6667;81;1008.84;11.2654;228
1371947142;6/23/2013 0:25;14.2778;16.6667;82;1008.81;9.65606;250
1371947202;6/23/2013 0:26;14.2778;16.6667;82;1008.81;11.2654;246
1371947264;6/23/2013 0:27;14.2778;16.6667;82;1008.81;6.43738;245
1371947324;6/23/2013 0:28;14.2778;16.6667;82;1008.81;4.82803;223
1371947384;6/23/2013 0:29;14.2778;16.6667;82;1008.74;3.21869;221
1371947444;6/23/2013 0:30;14.2222;16.6667;82;1008.77;12.8748;246
1371947504;6/23/2013 0:31;14.2222;16.6667;82;1008.81;11.2654;228
1371947562;6/23/2013 0:32;14.2222;16.6667;82;1008.77;9.65606;271
1371947622;6/23/2013 0:33;14.2222;16.6667;82;1008.67;6.43738;190
1371947684;6/23/2013 0:34;14.2222;16.6667;81;1008.71;6.43738;261
1371947744;6/23/2013 0:35;14.1667;16.6667;81;1008.71;4.82803;221
1371947804;6/23/2013 0:36;14.1667;16.6667;82;1008.71;6.43738;240
1371947864;6/23/2013 0:37;14.1667;16.6667;82;1008.74;3.21869;248
1371947922;6/23/2013 0:38;14.1667;16.6667;82;1008.67;4.82803;51
1371947982;6/23/2013 0:39;14.2222;16.6667;81;1008.71;12.8748;266
1371948044;6/23/2013 0:40;14.1667;16.6667;81;1008.74;6.43738;200
1371948104;6/23/2013 0:41;14.1667;16.6667;81;1008.74;6.43738;227
1371948164;6/23/2013 0:42;14.2222;16.6667;81;1008.74;4.82803;192
1371948224;6/23/2013 0:43;14.2222;16.6667;81;1008.67;8.04672;227
1371948284;6/23/2013 0:44;14.2222;16.6667;81;1008.71;6.43738;229
1371948342;6/23/2013 0:45;14.2222;16.6667;81;1008.67;11.2654;244
1371948402;6/23/2013 0:46;14.2222;16.6667;81;1008.71;9.65606;222
1371948464;6/23/2013 0:47;14.2222;16.6667;81;1008.67;9.65606;213
1371948524;6/23/2013 0:48;14.2222;16.6667;81;1008.74;8.04672;217
1371948584;6/23/2013 0:49;14.1667;16.6667;81;1008.67;6.43738;203
1371948642;6/23/2013 0:50;14.1667;16.6667;81;1008.64;3.21869;189
1371948704;6/23/2013 0:51;14.1667;16.6667;81;1008.67;9.65606;273
1371948764;6/23/2013 0:52;14.2222;16.6667;81;1008.67;4.82803;180
1371948822;6/23/2013 0:53;14.1667;16.6667;80;1008.71;11.2654;241
1371948884;6/23/2013 0:54;14.1667;16.6667;80;1008.67;4.82803;225
1371948942;6/23/2013 0:55;14.1667;16.6667;80;1008.67;6.43738;199
1371949004;6/23/2013 0:56;14.2222;16.6667;79;1008.67;8.04672;183
1371949062;6/23/2013 0:57;14.2222;16.6667;80;1008.67;8.04672;255
1371949124;6/23/2013 0:58;14.2222;16.6667;80;1008.67;4.82803;177
1371949184;6/23/2013 0:59;14.2222;16.6667;80;1008.64;9.65606;234
1371949242;6/23/2013 1:00;14.2222;16.6667;79;1008.61;6.43738;233
1371949304;6/23/2013 1:01;14.2222;16.6667;79;1008.67;8.04672;209
1371949362;6/23/2013 1:02;14.2222;16.6667;79;1008.61;12.8748;242
1371949424;6/23/2013 1:03;14.2222;16.6667;79;1008.64;9.65606;247
1371949484;6/23/2013 1:04;14.2222;16.6667;78;1008.61;3.21869;170
1371949544;6/23/2013 1:05;14.2222;16.6667;78;1008.61;8.04672;241
1371949604;6/23/2013 1:06;14.2222;16.6667;79;1008.61;8.04672;206
1371949662;6/23/2013 1:07;14.2222;16.6667;79;1008.61;3.21869;183
1371949724;6/23/2013 1:08;14.2222;16.6667;78;1008.61;8.04672;232
1371949782;6/23/2013 1:09;14.2222;16.6667;79;1008.61;9.65606;215
1371949844;6/23/2013 1:10;14.2222;16.6667;78;1008.57;4.82803;206
1371949904;6/23/2013 1:11;14.2222;16.6667;79;1008.57;8.04672;252
1371949964;6/23/2013 1:12;14.1667;16.6667;79;1008.54;8.04672;258
1371950024;6/23/2013 1:13;14.2222;16.6667;79;1008.57;16.0934;240
1371950082;6/23/2013 1:14;14.2222;16.6667;78;1008.54;11.2654;203
1371950144;6/23/2013 1:15;14.2222;16.6667;78;1008.54;11.2654;246
1371950204;6/23/2013 1:16;14.1667;16.6667;78;1008.61;6.43738;209
1371950264;6/23/2013 1:17;14.2222;16.6667;78;1008.61;4.82803;204
1371950324;6/23/2013 1:18;14.2222;16.6667;78;1008.61;11.2654;241
1371950382;6/23/2013 1:19;14.2222;16.6667;78;1008.64;4.82803;342
1371950444;6/23/2013 1:20;14.2222;16.6667;78;1008.67;11.2654;224
1371950502;6/23/2013 1:21;14.2222;16.6667;77;1008.61;8.04672;263
1371950564;6/23/2013 1:22;14.2222;16.6667;78;1008.71;6.43738;255
1371950624;6/23/2013 1:23;14.2222;16.6667;78;1008.71;9.65606;244
1371950684;6/23/2013 1:24;14.2222;16.6667;78;1008.71;9.65606;235
1371950744;6/23/2013 1:25;14.2222;16.6667;78;1008.71;6.43738;270
1371950802;6/23/2013 1:26;14.2222;16.6667;78;1008.67;11.2654;243
1371950864;6/23/2013 1:27;14.2222;16.6667;78;1008.61;14.4841;227
1371950922;6/23/2013 1:28;14.2222;16.6667;78;1008.61;6.43738;227
1371950984;6/23/2013 1:29;14.1667;16.6667;78;1008.67;11.2654;212
1371951044;6/23/2013 1:30;14.1667;16.6667;78;1008.61;8.04672;234
1371951102;6/23/2013 1:31;14.1667;16.6667;79;1008.64;14.4841;239
1371951164;6/23/2013 1:32;14.1667;16.6667;78;1008.67;9.65606;242
1371951224;6/23/2013 1:33;14.1667;16.6667;78;1008.61;14.4841;254
1371951284;6/23/2013 1:34;14.1667;16.6667;78;1008.67;8.04672;199
1371951342;6/23/2013 1:35;14.1667;16.6667;79;1008.67;12.8748;234
1371951402;6/23/2013 1:36;14.1667;16.6667;79;1008.71;8.04672;224
1371951464;6/23/2013 1:37;14.1667;16.6667;79;1008.64;11.2654;240
1371951522;6/23/2013 1:38;14.1111;16.6667;79;1008.67;19.3121;238
1371951584;6/23/2013 1:39;14.1111;16.6667;79;1008.71;3.21869;217
1371951644;6/23/2013 1:40;14.1667;16.6667;79;1008.71;4.82803;164
1371951704;6/23/2013 1:41;14.1111;16.6667;79;1008.71;4.82803;225
1371951762;6/23/2013 1:42;14.1111;16.6667;80;1008.77;14.4841;230
1371951822;6/23/2013 1:43;14.1111;16.6667;81;1008.67;4.82803;228
1371951884;6/23/2013 1:44;14.1111;16.6667;80;1008.67;11.2654;227
1371951944;6/23/2013 1:45;14.0556;16.6667;81;1008.71;8.04672;238
1371952004;6/23/2013 1:46;14.0556;16.6667;81;1008.71;9.65606;256
1371952064;6/23/2013 1:47;14;16.6667;81;1008.67;4.82803;217
1371952122;6/23/2013 1:48;14;16.6667;81;1008.71;9.65606;225
1371952182;6/23/2013 1:49;13.9444;16.6667;82;1008.74;4.82803;165
1371952242;6/23/2013 1:50;13.9444;16.6667;82;1008.64;12.8748;178
1371952304;6/23/2013 1:51;13.8889;16.6667;82;1008.61;16.0934;256
1371952364;6/23/2013 1:52;13.8889;16.6667;82;1008.61;9.65606;172
1371952424;6/23/2013 1:53;13.8333;16.6667;82;1008.64;14.4841;192
1371952484;6/23/2013 1:54;13.8333;16.6667;83;1008.61;14.4841;196
1371952542;6/23/2013 1:55;13.7778;16.6667;84;1008.71;17.7028;240
1371952602;6/23/2013 1:56;13.7222;16.6667;84;1008.74;4.82803;239
1371952664;6/23/2013 1:57;13.6667;16.6667;85;1008.77;12.8748;273
1371952724;6/23/2013 1:58;13.6111;16.6667;85;1008.74;11.2654;229
1371952784;6/23/2013 1:59;13.5;16.1111;85;1008.74;1.60934;244
1371952842;6/23/2013 2:00;13.5;16.1111;86;1008.77;6.43738;250
1371952904;6/23/2013 2:01;13.4444;16.1111;87;1008.81;4.82803;238
1371952964;6/23/2013 2:02;13.3889;16.1111;87;1008.84;11.2654;276
1371953022;6/23/2013 2:03;13.3333;16.1111;87;1008.84;3.21869;250
1371953084;6/23/2013 2:04;13.3333;16.1111;88;1008.84;3.21869;240
1371953144;6/23/2013 2:05;13.2778;16.1111;88;1008.88;4.82803;266
1371953204;6/23/2013 2:06;13.2222;16.1111;88;1008.88;6.43738;321
1371953262;6/23/2013 2:07;13.2222;16.1111;88;1008.91;3.21869;292
1371953324;6/23/2013 2:08;13.1667;16.1111;89;1008.88;3.21869;243
1371953384;6/23/2013 2:09;13.1667;16.1111;89;1008.91;6.43738;267
1371953442;6/23/2013 2:10;13.1111;16.1111;89;1008.91;3.21869;302
1371953504;6/23/2013 2:11;13.0556;16.1111;89;1008.88;4.82803;269
1371953562;6/23/2013 2:12;13.0556;16.1111;89;1008.84;3.21869;263
1371953624;6/23/2013 2:13;13;16.1111;90;1008.81;12.8748;293
1371953684;6/23/2013 2:14;13;16.1111;90;1008.88;4.82803;344
1371953744;6/23/2013 2:15;13;16.1111;89;1008.88;3.21869;277
1371953804;6/23/2013 2:16;12.9444;16.1111;90;1008.91;3.21869;269
1371953862;6/23/2013 2:17;12.9444;16.1111;90;1008.88;8.04672;244
1371953924;6/23/2013 2:18;12.9444;16.1111;90;1008.91;3.21869;259
1371953982;6/23/2013 2:19;12.9444;16.1111;90;1008.94;4.82803;320
1371954044;6/23/2013 2:20;12.9444;16.1111;90;1008.91;6.43738;262
1371954104;6/23/2013 2:21;12.9444;16.1111;90;1008.91;11.2654;252
1371954164;6/23/2013 2:22;12.9444;16.1111;90;1008.88;8.04672;237
1371954224;6/23/2013 2:23;13;16.1111;89;1008.91;6.43738;245
1371954282;6/23/2013 2:24;13.0556;16.1111;89;1008.94;9.65606;235
1371954344;6/23/2013 2:25;13.0556;16.1111;89;1008.84;6.43738;254
1371954404;6/23/2013 2:26;13.0556;16.1111;89;1008.91;6.43738;219
1371954464;6/23/2013 2:27;13.1111;16.1111;89;1008.88;4.82803;255
1371954524;6/23/2013 2:28;13.1111;16.1111;89;1008.91;4.82803;186
1371954582;6/23/2013 2:29;13.1667;16.1111;89;1008.94;4.82803;218
1371954644;6/23/2013 2:30;13.1111;16.1111;89;1008.94;6.43738;225
1371954702;6/23/2013 2:31;13.1667;16.1111;88;1008.88;8.04672;257
1371954764;6/23/2013 2:32;13.1667;16.1111;88;1008.88;8.04672;199
1371954824;6/23/2013 2:33;13.1667;16.1111;88;1008.88;4.82803;253
1371954884;6/23/2013 2:34;13.1667;16.1111;88;1008.88;11.2654;235
1371954944;6/23/2013 2:35;13.1667;16.1111;88;1008.91;6.43738;230
1371955002;6/23/2013 2:36;13.2222;16.1111;88;1008.88;4.82803;217
1371955064;6/23/2013 2:37;13.2222;16.1111;88;1008.84;8.04672;245
1371955122;6/23/2013 2:38;13.2222;16.1111;88;1008.88;8.04672;221
1371955184;6/23/2013 2:39;13.2222;16.1111;88;1008.81;8.04672;234
1371955244;6/23/2013 2:40;13.2778;16.1111;88;1008.84;11.2654;212
1371955302;6/23/2013 2:41;13.2778;16.1111;87;1008.84;8.04672;244
1371955364;6/23/2013 2:42;13.2778;16.1111;88;1008.84;4.82803;201
1371955424;6/23/2013 2:43;13.2778;16.1111;88;1008.84;8.04672;231
1371955484;6/23/2013 2:44;13.3333;16.1111;87;1008.81;6.43738;232
1371955542;6/23/2013 2:45;13.3333;16.1111;87;1008.84;8.04672;256
1371955602;6/23/2013 2:46;13.3333;16.1111;87;1008.88;4.82803;213
1371955664;6/23/2013 2:47;13.3333;16.1111;87;1008.84;4.82803;213
1371955724;6/23/2013 2:48;13.3333;16.1111;87;1008.84;3.21869;214
1371955784;6/23/2013 2:49;13.3333;16.1111;87;1008.91;6.43738;261
1371955844;6/23/2013 2:50;13.3333;16.1111;87;1008.91;8.04672;232
1371955904;6/23/2013 2:51;13.3333;16.1111;87;1008.91;8.04672;215
1371955962;6/23/2013 2:52;13.3889;16.1111;87;1008.84;11.2654;233
1371956022;6/23/2013 2:53;13.3889;16.1111;86;1008.88;6.43738;225
1371956084;6/23/2013 2:54;13.4444;16.1111;87;1008.88;6.43738;223
1371956144;6/23/2013 2:55;13.4444;16.1111;87;1008.84;9.65606;194
1371956204;6/23/2013 2:56;13.4444;16.1111;86;1008.84;6.43738;243
1371956264;6/23/2013 2:57;13.4444;16.1111;86;1008.84;11.2654;250
1371956322;6/23/2013 2:58;13.5;16.1111;86;1008.88;8.04672;257
1371956382;6/23/2013 2:59;13.5;16.1111;86;1008.88;9.65606;298
1371956444;6/23/2013 3:00;13.5;16.1111;86;1008.88;8.04672;167
1371956504;6/23/2013 3:01;13.5;16.1111;86;1008.84;9.65606;267
1371956564;6/23/2013 3:02;13.5;16.1111;85;1008.84;9.65606;205
1371956624;6/23/2013 3:03;13.5;16.1111;85;1008.84;6.43738;207
1371956684;6/23/2013 3:04;13.5;16.1111;85;1008.88;16.0934;231
1371956742;6/23/2013 3:05;13.5;16.1111;85;1008.84;6.43738;217
1371956802;6/23/2013 3:06;13.5556;16.1111;85;1008.91;9.65606;237
1371956864;6/23/2013 3:07;13.5556;16.1111;86;1008.88;8.04672;238
1371956924;6/23/2013 3:08;13.5556;16.1111;86;1008.91;3.21869;137
1371956984;6/23/2013 3:09;13.5;16.1111;85;1008.88;3.21869;232
1371957042;6/23/2013 3:10;13.5;16.1111;85;1008.94;9.65606;221
1371957104;6/23/2013 3:11;13.5;16.1111;86;1008.91;3.21869;198
1371957164;6/23/2013 3:12;13.5;16.1111;86;1008.91;11.2654;236
1371957222;6/23/2013 3:13;13.5;16.1111;86;1008.88;6.43738;234
1371957284;6/23/2013 3:14;13.5;16.1111;86;1008.94;9.65606;240
1371957344;6/23/2013 3:15;13.5;16.1111;86;1008.98;4.82803;226
1371957404;6/23/2013 3:16;13.5;16.1111;86;1008.91;12.8748;239
1371957464;6/23/2013 3:17;13.5;16.1111;86;1009.01;9.65606;236
1371957524;6/23/2013 3:18;13.4444;16.1111;86;1009.01;9.65606;206
1371957584;6/23/2013 3:19;13.4444;16.1111;86;1009.01;8.04672;220
1371957642;6/23/2013 3:20;13.4444;16.1111;86;1009.08;16.0934;256
1371957704;6/23/2013 3:21;13.4444;15.5556;86;1009.01;14.4841;180
1371957762;6/23/2013 3:22;13.4444;15.5556;85;1009.01;17.7028;251
1371957824;6/23/2013 3:23;13.4444;15.5556;85;1009.01;12.8748;254
1371957884;6/23/2013 3:24;13.4444;15.5556;85;1009.08;14.4841;187
1371957944;6/23/2013 3:25;13.4444;15.5556;85;1009.08;19.3121;236
1371958004;6/23/2013 3:26;13.4444;15.5556;85;1009.08;6.43738;184
1371958062;6/23/2013 3:27;13.4444;15.5556;85;1009.08;11.2654;203
1371958124;6/23/2013 3:28;13.4444;15.5556;85;1009.05;9.65606;209
1371958184;6/23/2013 3:29;13.4444;15.5556;85;1009.08;12.8748;261
1371958244;6/23/2013 3:30;13.4444;15.5556;85;1009.11;9.65606;240
1371958304;6/23/2013 3:31;13.4444;15.5556;85;1009.05;8.04672;232
1371958364;6/23/2013 3:32;13.4444;15.5556;85;1009.05;6.43738;207
1371958424;6/23/2013 3:33;13.3889;15.5556;85;1009.08;4.82803;263
1371958482;6/23/2013 3:34;13.3889;15.5556;85;1009.08;12.8748;254
1371958544;6/23/2013 3:35;13.3889;15.5556;85;1009.08;9.65606;248
1371958604;6/23/2013 3:36;13.3889;15.5556;85;1009.08;6.43738;187
1371958664;6/23/2013 3:37;13.3333;15.5556;85;1009.05;9.65606;200
1371958724;6/23/2013 3:38;13.3889;15.5556;85;1009.01;9.65606;223
1371958782;6/23/2013 3:39;13.3889;15.5556;85;1009.01;8.04672;200
1371958844;6/23/2013 3:40;13.3889;15.5556;84;1009.01;4.82803;198
1371958902;6/23/2013 3:41;13.3889;15.5556;84;1008.98;6.43738;220
1371958964;6/23/2013 3:42;13.3889;15.5556;84;1009.01;4.82803;223
1371959024;6/23/2013 3:43;13.3889;15.5556;84;1009.01;16.0934;239
1371959084;6/23/2013 3:44;13.3889;15.5556;84;1009.01;11.2654;269
1371959144;6/23/2013 3:45;13.4444;15.5556;84;1009.01;9.65606;251
1371959202;6/23/2013 3:46;13.4444;15.5556;85;1009.01;8.04672;247
1371959264;6/23/2013 3:47;13.4444;15.5556;84;1009.08;3.21869;194
1371959322;6/23/2013 3:48;13.4444;15.5556;84;1009.01;6.43738;186
1371959384;6/23/2013 3:49;13.4444;15.5556;84;1009.01;9.65606;222
1371959444;6/23/2013 3:50;13.4444;15.5556;84;1008.98;8.04672;227
1371959502;6/23/2013 3:51;13.4444;15.5556;84;1009.01;8.04672;282
1371959564;6/23/2013 3:52;13.4444;15.5556;84;1009.05;6.43738;286
1371959624;6/23/2013 3:53;13.4444;15.5556;84;1009.05;9.65606;248
1371959684;6/23/2013 3:54;13.4444;15.5556;84;1009.08;11.2654;270
1371959742;6/23/2013 3:55;13.4444;15.5556;84;1009.08;3.21869;209
1371959804;6/23/2013 3:56;13.4444;15.5556;84;1009.08;4.82803;148
1371959864;6/23/2013 3:57;13.4444;15.5556;84;1009.05;8.04672;248
1371959922;6/23/2013 3:58;13.4444;15.5556;84;1009.05;6.43738;233
1371959984;6/23/2013 3:59;13.4444;15.5556;84;1009.05;11.2654;223
1371960044;6/23/2013 4:00;13.4444;15.5556;84;1009.08;6.43738;179
1371960104;6/23/2013 4:01;13.4444;15.5556;83;1009.11;9.65606;192
1371960162;6/23/2013 4:02;13.4444;15.5556;83;1009.11;9.65606;194
1371960222;6/23/2013 4:03;13.5;15.5556;84;1009.11;11.2654;185
1371960284;6/23/2013 4:04;13.4444;15.5556;84;1009.15;6.43738;247
1371960344;6/23/2013 4:05;13.4444;15.5556;84;1009.11;8.04672;226
1371960404;6/23/2013 4:06;13.4444;15.5556;84;1009.18;8.04672;275
1371960464;6/23/2013 4:07;13.5;15.5556;83;1009.11;4.82803;185
1371960522;6/23/2013 4:08;13.5;15.5556;83;1009.11;14.4841;252
1371960582;6/23/2013 4:09;13.5;15.5556;83;1009.11;8.04672;260
1371960644;6/23/2013 4:10;13.5;15.5556;83;1009.08;11.2654;263
1371960704;6/23/2013 4:11;13.5;15.5556;83;1009.08;6.43738;169
1371960764;6/23/2013 4:12;13.5;15.5556;83;1009.15;11.2654;261
1371960824;6/23/2013 4:13;13.5;15.5556;83;1009.08;12.8748;262
1371960884;6/23/2013 4:14;13.5556;15.5556;83;1009.08;4.82803;217
1371960942;6/23/2013 4:15;13.5;15.5556;83;1009.11;8.04672;178
1371961002;6/23/2013 4:16;13.5;15.5556;83;1009.11;8.04672;200
1371961064;6/23/2013 4:17;13.5;15.5556;83;1009.08;6.43738;225
1371961124;6/23/2013 4:18;13.5;15.5556;83;1009.08;6.43738;214
1371961184;6/23/2013 4:19;13.5;15.5556;83;1009.05;8.04672;202
1371961242;6/23/2013 4:20;13.5;15.5556;83;1009.08;3.21869;245
1371961304;6/23/2013 4:21;13.5;15.5556;83;1009.08;8.04672;218
1371961364;6/23/2013 4:22;13.5;15.5556;83;1009.11;4.82803;180
1371961422;6/23/2013 4:23;13.5;15.5556;83;1009.08;4.82803;259
1371961484;6/23/2013 4:24;13.5;15.5556;83;1009.11;6.43738;224
1371961544;6/23/2013 4:25;13.5;15.5556;83;1009.05;8.04672;266
1371961604;6/23/2013 4:26;13.5;15.5556;83;1009.11;9.65606;235
1371961662;6/23/2013 4:27;13.5556;15.5556;83;1009.08;16.0934;226
1371961724;6/23/2013 4:28;13.5556;15.5556;83;1009.15;4.82803;230
1371961784;6/23/2013 4:29;13.5556;15.5556;83;1009.15;9.65606;207
1371961842;6/23/2013 4:30;13.5556;15.5556;83;1009.15;9.65606;229
1371961904;6/23/2013 4:31;13.5556;15.5556;82;1009.15;1.60934;236
1371961962;6/23/2013 4:32;13.5556;15.5556;82;1009.18;11.2654;200
1371962024;6/23/2013 4:33;13.5556;15.5556;82;1009.15;6.43738;243
1371962084;6/23/2013 4:34;13.5556;15.5556;82;1009.21;4.82803;267
1371962144;6/23/2013 4:35;13.5556;15.5556;83;1009.18;9.65606;185
1371962204;6/23/2013 4:36;13.5556;15.5556;82;1009.18;19.3121;223
1371962262;6/23/2013 4:37;13.5556;15.5556;82;1009.08;8.04672;234
1371962324;6/23/2013 4:38;13.5556;15.5556;81;1009.08;6.43738;225
1371962382;6/23/2013 4:39;13.6111;15.5556;82;1009.11;8.04672;245
1371962444;6/23/2013 4:40;13.6111;15.5556;81;1009.15;4.82803;214
1371962504;6/23/2013 4:41;13.6111;15.5556;81;1009.18;6.43738;216
1371962564;6/23/2013 4:42;13.6111;15.5556;81;1009.25;8.04672;234
1371962624;6/23/2013 4:43;13.6111;15.5556;81;1009.28;6.43738;186
1371962682;6/23/2013 4:44;13.6111;15.5556;81;1009.28;8.04672;242
1371962744;6/23/2013 4:45;13.6111;15.5556;80;1009.21;6.43738;167
1371962804;6/23/2013 4:46;13.6667;15.5556;80;1009.25;9.65606;232
1371962864;6/23/2013 4:47;13.6667;15.5556;80;1009.25;4.82803;202
1371962924;6/23/2013 4:48;13.6667;15.5556;80;1009.32;8.04672;271
1371962982;6/23/2013 4:49;13.6667;15.5556;81;1009.38;8.04672;240
1371963044;6/23/2013 4:50;13.6667;15.5556;81;1009.38;8.04672;248
1371963102;6/23/2013 4:51;13.6667;15.5556;81;1009.42;3.21869;266
1371963164;6/23/2013 4:52;13.6667;15.5556;81;1009.38;14.4841;215
1371963224;6/23/2013 4:53;13.6667;15.5556;80;1009.38;8.04672;275
1371963284;6/23/2013 4:54;13.6667;15.5556;80;1009.35;6.43738;225
1371963344;6/23/2013 4:55;13.6667;15.5556;81;1009.38;17.7028;282
1371963402;6/23/2013 4:56;13.7222;15.5556;80;1009.38;8.04672;264
1371963464;6/23/2013 4:57;13.7222;15.5556;80;1009.38;8.04672;225
1371963522;6/23/2013 4:58;13.7222;15.5556;80;1009.42;9.65606;240
1371963584;6/23/2013 4:59;13.7222;15.5556;80;1009.38;9.65606;233
1371963644;6/23/2013 5:00;13.7222;15.5556;80;1009.38;1.60934;212
1371963702;6/23/2013 5:01;13.7222;15.5556;80;1009.42;6.43738;5
1371963764;6/23/2013 5:02;13.7222;15.5556;80;1009.42;4.82803;198
1371963824;6/23/2013 5:03;13.7222;15.5556;80;1009.38;6.43738;235
1371963884;6/23/2013 5:04;13.7222;15.5556;80;1009.35;4.82803;284
1371963942;6/23/2013 5:05;13.7222;15.5556;80;1009.35;8.04672;261
1371964004;6/23/2013 5:06;13.7222;15.5556;81;1009.38;8.04672;229
1371964064;6/23/2013 5:07;13.7222;15.5556;81;1009.38;4.82803;277
1371964122;6/23/2013 5:08;13.7222;15.5556;81;1009.42;4.82803;236
1371964184;6/23/2013 5:09;13.7222;15.5556;81;1009.38;4.82803;231
1371964244;6/23/2013 5:10;13.7222;15.5556;81;1009.42;8.04672;226
1371964304;6/23/2013 5:11;13.7222;15.5556;81;1009.42;6.43738;238
1371964362;6/23/2013 5:12;13.7222;15.5556;81;1009.42;11.2654;235
1371964422;6/23/2013 5:13;13.7222;15.5556;81;1009.38;8.04672;219
1371964484;6/23/2013 5:14;13.7222;15.5556;81;1009.38;8.04672;264
1371964544;6/23/2013 5:15;13.7222;15.5556;81;1009.42;6.43738;248
1371964604;6/23/2013 5:16;13.7222;15.5556;81;1009.35;9.65606;240
1371964664;6/23/2013 5:17;13.7222;15.5556;81;1009.45;4.82803;242
1371964724;6/23/2013 5:18;13.7222;15.5556;81;1009.45;3.21869;209
1371964782;6/23/2013 5:19;13.7222;15.5556;81;1009.42;8.04672;204
1371964842;6/23/2013 5:20;13.7222;15.5556;81;1009.45;11.2654;200
1371964904;6/23/2013 5:21;13.7222;15.5556;80;1009.45;3.21869;172
1371964964;6/23/2013 5:22;13.7222;15.5556;81;1009.52;11.2654;255
1371965024;6/23/2013 5:23;13.7222;15.5556;81;1009.55;4.82803;191
1371965084;6/23/2013 5:24;13.7222;15.5556;81;1009.49;3.21869;145
1371965142;6/23/2013 5:25;13.7222;15.5556;81;1009.49;1.60934;217
1371965202;6/23/2013 5:26;13.7222;15.5556;81;1009.55;9.65606;218
1371965264;6/23/2013 5:27;13.7222;15.5556;81;1009.52;14.4841;240
1371965324;6/23/2013 5:28;13.7222;15.5556;81;1009.49;8.04672;234
1371965384;6/23/2013 5:29;13.7222;15.5556;81;1009.52;9.65606;217
1371965442;6/23/2013 5:30;13.7778;15.5556;82;1009.49;9.65606;255
1371965504;6/23/2013 5:31;13.7778;15.5556;81;1009.52;14.4841;219
1371965564;6/23/2013 5:32;13.7778;15.5556;81;1009.52;8.04672;237
1371965622;6/23/2013 5:33;13.7778;15.5556;81;1009.59;3.21869;206
1371965684;6/23/2013 5:34;13.7778;15.5556;81;1009.59;6.43738;207
1371965744;6/23/2013 5:35;13.7778;15.5556;82;1009.59;12.8748;231
1371965804;6/23/2013 5:36;13.7778;15.5556;81;1009.59;6.43738;235
1371965862;6/23/2013 5:37;13.7778;15.5556;81;1009.59;3.21869;257
1371965924;6/23/2013 5:38;13.7778;15.5556;82;1009.59;9.65606;230
1371965984;6/23/2013 5:39;13.7778;15.5556;82;1009.62;9.65606;239
1371966042;6/23/2013 5:40;13.7778;15.5556;82;1009.59;9.65606;183
1371966104;6/23/2013 5:41;13.7778;15.5556;82;1009.52;3.21869;209
1371966162;6/23/2013 5:42;13.7778;15.5556;82;1009.62;9.65606;249
1371966224;6/23/2013 5:43;13.7778;15.5556;82;1009.59;12.8748;242
1371966284;6/23/2013 5:44;13.7778;15.5556;82;1009.52;8.04672;288
1371966344;6/23/2013 5:45;13.7778;15.5556;82;1009.55;3.21869;204
1371966404;6/23/2013 5:46;13.7778;15.5556;83;1009.62;6.43738;248
1371966462;6/23/2013 5:47;13.7778;15.5556;82;1009.59;8.04672;225
1371966524;6/23/2013 5:48;13.7778;15.5556;83;1009.62;14.4841;244
1371966582;6/23/2013 5:49;13.7778;15.5556;82;1009.52;6.43738;225
1371966644;6/23/2013 5:50;13.7778;15.5556;83;1009.62;4.82803;228
1371966704;6/23/2013 5:51;13.7778;15.5556;83;1009.55;8.04672;207
1371966764;6/23/2013 5:52;13.7778;15.5556;83;1009.59;6.43738;211
1371966824;6/23/2013 5:53;13.7778;15.5556;83;1009.62;4.82803;211
1371966882;6/23/2013 5:54;13.7778;15.5556;83;1009.69;6.43738;196
1371966944;6/23/2013 5:55;13.7778;15.5556;83;1009.72;4.82803;224
1371967004;6/23/2013 5:56;13.7778;15.5556;83;1009.59;6.43738;321
1371967064;6/23/2013 5:57;13.7778;15.5556;83;1009.66;12.8748;245
1371967124;6/23/2013 5:58;13.7778;15.5556;83;1009.62;8.04672;253
1371967184;6/23/2013 5:59;13.7778;15.5556;83;1009.59;6.43738;242
1371967244;6/23/2013 6:00;13.7778;15.5556;84;1009.59;16.0934;277
1371967302;6/23/2013 6:01;13.7778;15.5556;83;1009.55;6.43738;252
1371967364;6/23/2013 6:02;13.7778;15.5556;83;1009.59;9.65606;232
1371967424;6/23/2013 6:03;13.7778;15.5556;83;1009.62;11.2654;311
1371967484;6/23/2013 6:04;13.7778;15.5556;83;1009.62;11.2654;228
1371967544;6/23/2013 6:05;13.7778;15.5556;83;1009.66;3.21869;174
1371967602;6/23/2013 6:06;13.8333;16.1111;83;1009.69;11.2654;248
1371967664;6/23/2013 6:07;13.7778;15.5556;83;1009.62;11.2654;230
1371967722;6/23/2013 6:08;13.8333;15.5556;83;1009.62;9.65606;240
1371967784;6/23/2013 6:09;13.7778;15.5556;83;1009.62;8.04672;229
1371967844;6/23/2013 6:10;13.7778;15.5556;83;1009.62;6.43738;259
1371967902;6/23/2013 6:11;13.7778;16.1111;83;1009.69;8.04672;205
1371967964;6/23/2013 6:12;13.7778;15.5556;84;1009.66;9.65606;211
1371968024;6/23/2013 6:13;13.7778;16.1111;83;1009.66;6.43738;192
1371968084;6/23/2013 6:14;13.7778;16.1111;83;1009.62;16.0934;212
1371968142;6/23/2013 6:15;13.7778;16.1111;83;1009.66;9.65606;179
1371968204;6/23/2013 6:16;13.7778;15.5556;83;1009.69;6.43738;236
1371968264;6/23/2013 6:17;13.7778;16.1111;83;1009.72;11.2654;234
1371968322;6/23/2013 6:18;13.7778;16.1111;83;1009.72;6.43738;198
1371968384;6/23/2013 6:19;13.7778;16.1111;83;1009.66;19.3121;219
1371968444;6/23/2013 6:20;13.7778;16.1111;82;1009.62;3.21869;223
1371968504;6/23/2013 6:21;13.7778;16.1111;83;1009.72;22.5308;239
1371968562;6/23/2013 6:22;13.8333;16.1111;82;1009.76;8.04672;241
1371968622;6/23/2013 6:23;13.8333;16.1111;82;1009.82;6.43738;309
1371968684;6/23/2013 6:24;13.8333;16.1111;83;1009.79;11.2654;207
1371968744;6/23/2013 6:25;13.8889;16.1111;82;1009.76;8.04672;57
1371968804;6/23/2013 6:26;13.8889;16.1111;82;1009.76;8.04672;199
1371968864;6/23/2013 6:27;13.9444;16.1111;81;1009.69;11.2654;236
1371968924;6/23/2013 6:28;13.9444;16.1111;81;1009.69;9.65606;236
1371968982;6/23/2013 6:29;14;16.1111;81;1009.79;9.65606;165
1371969042;6/23/2013 6:30;14;16.1111;81;1009.76;4.82803;225
1371969104;6/23/2013 6:31;14.0556;16.1111;81;1009.72;6.43738;254
1371969164;6/23/2013 6:32;14.0556;16.1111;81;1009.72;9.65606;215
1371969224;6/23/2013 6:33;14.0556;16.1111;81;1009.79;9.65606;237
1371969284;6/23/2013 6:34;14.1111;16.1111;81;1009.79;11.2654;218
1371969342;6/23/2013 6:35;14.1111;16.1111;81;1009.69;16.0934;59
1371969402;6/23/2013 6:36;14.1111;16.1111;81;1009.76;6.43738;180
1371969464;6/23/2013 6:37;14.1111;16.1111;81;1009.72;4.82803;202
1371969524;6/23/2013 6:38;14.1111;16.1111;81;1009.79;12.8748;290
1371969584;6/23/2013 6:39;14.1111;16.1111;81;1009.76;24.1402;238
1371969642;6/23/2013 6:40;14.1111;16.1111;80;1009.79;6.43738;273
1371969704;6/23/2013 6:41;14.1111;16.1111;81;1009.82;3.21869;217
1371969762;6/23/2013 6:42;14.1111;16.1111;81;1009.82;4.82803;193
1371969822;6/23/2013 6:43;14.1111;16.1111;81;1009.79;6.43738;262
1371969884;6/23/2013 6:44;14.1111;16.1111;81;1009.76;27.3588;239
1371969944;6/23/2013 6:45;14.1111;16.1111;81;1009.76;9.65606;211
1371970004;6/23/2013 6:46;14.1111;16.1111;81;1009.72;8.04672;297
1371970062;6/23/2013 6:47;14.1111;16.1111;81;1009.79;11.2654;252
1371970124;6/23/2013 6:48;14.1667;16.1111;81;1009.82;6.43738;159
1371970184;6/23/2013 6:49;14.1667;16.1111;81;1009.82;6.43738;250
1371970242;6/23/2013 6:50;14.1667;16.1111;81;1009.82;4.82803;190
1371970304;6/23/2013 6:51;14.1667;16.1111;81;1009.79;8.04672;141
1371970362;6/23/2013 6:52;14.1667;16.1111;81;1009.82;12.8748;178
1371970424;6/23/2013 6:53;14.1667;16.1111;81;1009.89;8.04672;276
1371970484;6/23/2013 6:54;14.1667;16.1111;81;1009.82;11.2654;243
1371970544;6/23/2013 6:55;14.1667;16.1111;81;1009.86;9.65606;211
1371970604;6/23/2013 6:56;14.1667;16.1111;81;1009.82;8.04672;225
1371970662;6/23/2013 6:57;14.1667;16.1111;81;1009.89;8.04672;306
1371970724;6/23/2013 6:58;14.1667;16.1111;81;1009.93;4.82803;200
1371970782;6/23/2013 6:59;14.1667;16.1111;81;1009.93;9.65606;234
1371970844;6/23/2013 7:00;14.2222;16.1111;81;1009.86;11.2654;248
1371970904;6/23/2013 7:01;14.2222;16.1111;81;1009.93;9.65606;202
1371970964;6/23/2013 7:02;14.2222;16.1111;81;1009.86;6.43738;294
1371971024;6/23/2013 7:03;14.2778;16.1111;81;1009.86;8.04672;176
1371971082;6/23/2013 7:04;14.2778;16.1111;81;1009.96;11.2654;277
1371971144;6/23/2013 7:05;14.2778;16.1111;81;1009.93;12.8748;236
1371971204;6/23/2013 7:06;14.2778;16.1111;81;1009.96;8.04672;253
1371971264;6/23/2013 7:07;14.2778;16.1111;81;1009.93;4.82803;146
1371971324;6/23/2013 7:08;14.3333;16.1111;81;1009.93;11.2654;267
1371971384;6/23/2013 7:09;14.3333;16.1111;81;1009.99;20.9215;209
1371971444;6/23/2013 7:10;14.3333;16.1111;81;1009.93;8.04672;212
1371971502;6/23/2013 7:11;14.3333;16.1111;80;1009.89;6.43738;196
1371971564;6/23/2013 7:12;14.3333;16.1111;80;1009.86;6.43738;232
1371971624;6/23/2013 7:13;14.3333;16.1111;81;1009.99;9.65606;197
1371971684;6/23/2013 7:14;14.3333;16.1111;81;1009.93;9.65606;150
1371971744;6/23/2013 7:15;14.3333;16.1111;81;1009.86;4.82803;178
1371971802;6/23/2013 7:16;14.3333;16.1111;80;1009.93;9.65606;196
1371971864;6/23/2013 7:17;14.3889;16.1111;81;1009.99;9.65606;228
1371971922;6/23/2013 7:18;14.3889;16.6667;81;1010.03;3.21869;173
1371971984;6/23/2013 7:19;14.4444;16.6667;81;1009.96;9.65606;229
1371972044;6/23/2013 7:20;14.5;16.6667;81;1009.96;12.8748;268
1371972102;6/23/2013 7:21;14.4444;16.6667;80;1009.93;16.0934;261
1371972164;6/23/2013 7:22;14.5;16.6667;80;1009.96;6.43738;360
1371972222;6/23/2013 7:23;14.5;16.6667;80;1009.89;14.4841;229
1371972284;6/23/2013 7:24;14.5;16.6667;80;1009.96;9.65606;254
1371972342;6/23/2013 7:25;14.5;16.6667;80;1009.96;9.65606;211
1371972404;6/23/2013 7:26;14.5;16.6667;80;1009.93;6.43738;235
1371972464;6/23/2013 7:27;14.5;16.6667;80;1009.89;11.2654;288
1371972522;6/23/2013 7:28;14.5;16.6667;80;1009.99;11.2654;257
1371972584;6/23/2013 7:29;14.5;16.6667;80;1009.93;8.04672;217
1371972644;6/23/2013 7:30;14.5556;16.6667;80;1009.96;8.04672;145
1371972704;6/23/2013 7:31;14.5556;16.6667;80;1009.99;8.04672;274
1371972762;6/23/2013 7:32;14.6111;16.6667;81;1010.03;9.65606;172
1371972822;6/23/2013 7:33;14.6667;16.6667;80;1009.96;8.04672;170
1371972884;6/23/2013 7:34;14.6667;16.6667;80;1010.1;3.21869;292
1371972942;6/23/2013 7:35;14.6667;16.6667;79;1010.03;9.65606;290
1371973004;6/23/2013 7:36;14.6667;16.6667;80;1010.03;16.0934;296
1371973064;6/23/2013 7:37;14.7222;16.6667;80;1009.99;9.65606;227
1371973124;6/23/2013 7:38;14.7778;16.6667;80;1009.96;16.0934;263
1371973182;6/23/2013 7:39;14.7778;16.6667;80;1009.99;4.82803;232
1371973242;6/23/2013 7:40;14.7778;16.6667;79;1010.03;12.8748;265
1371973304;6/23/2013 7:41;14.8333;16.6667;80;1010.03;14.4841;23
1371973364;6/23/2013 7:42;14.7778;16.6667;79;1009.99;24.1402;294
1371973424;6/23/2013 7:43;14.7778;16.6667;79;1009.89;11.2654;327
1371973484;6/23/2013 7:44;14.7222;16.6667;79;1009.96;4.82803;223
1371973542;6/23/2013 7:45;14.6667;16.6667;80;1010.03;12.8748;319
1371973602;6/23/2013 7:46;14.6667;16.6667;81;1010.13;19.3121;243
1371973664;6/23/2013 7:47;14.5556;16.6667;82;1010.06;11.2654;286
1371973724;6/23/2013 7:48;14.4444;16.6667;83;1010.13;6.43738;338
1371973784;6/23/2013 7:49;14.3889;16.6667;83;1010.2;6.43738;9
1371973844;6/23/2013 7:50;14.2778;16.6667;83;1010.16;9.65606;256
1371973904;6/23/2013 7:51;14.2222;16.6667;84;1010.1;6.43738;203
1371973962;6/23/2013 7:52;14.1667;16.6667;85;1010.23;9.65606;190
1371974022;6/23/2013 7:53;14.1111;16.6667;84;1010.06;14.4841;295
1371974084;6/23/2013 7:54;14.0556;16.6667;84;1010.13;6.43738;167
1371974144;6/23/2013 7:55;14;16.6667;85;1010.13;6.43738;180
1371974204;6/23/2013 7:56;14;16.6667;85;1010.1;12.8748;252
1371974262;6/23/2013 7:57;14;16.6667;85;1010.23;14.4841;240
1371974324;6/23/2013 7:58;13.9444;16.6667;85;1010.13;6.43738;190
1371974384;6/23/2013 7:59;13.9444;16.6667;85;1010.23;8.04672;194
1371974442;6/23/2013 8:00;13.9444;16.6667;85;1010.16;9.65606;162
1371974504;6/23/2013 8:01;13.9444;16.6667;85;1010.16;16.0934;284
1371974562;6/23/2013 8:02;13.9444;16.6667;85;1010.23;6.43738;25
1371974624;6/23/2013 8:03;13.9444;16.6667;85;1010.13;6.43738;190
1371974682;6/23/2013 8:04;14;16.6667;85;1010.2;9.65606;19
1371974744;6/23/2013 8:05;14;16.6667;85;1010.23;8.04672;226
1371974804;6/23/2013 8:06;14;16.6667;86;1010.3;4.82803;246
1371974862;6/23/2013 8:07;14.0556;16.6667;85;1010.2;3.21869;176
1371974924;6/23/2013 8:08;14.0556;16.6667;85;1010.23;1.60934;236
1371974982;6/23/2013 8:09;14.1111;16.6667;85;1010.3;11.2654;224
1371975044;6/23/2013 8:10;14.1667;16.6667;84;1010.2;12.8748;198
1371975104;6/23/2013 8:11;14.1667;16.6667;84;1010.2;14.4841;296
1371975164;6/23/2013 8:12;14.1667;16.6667;83;1010.26;8.04672;133
1371975224;6/23/2013 8:13;14.1667;16.6667;83;1010.3;6.43738;239
1371975282;6/23/2013 8:14;14.2222;16.6667;84;1010.3;9.65606;250
1371975344;6/23/2013 8:15;14.2222;16.6667;84;1010.3;11.2654;247
1371975402;6/23/2013 8:16;14.2222;16.6667;84;1010.23;6.43738;213
1371975464;6/23/2013 8:17;14.2778;16.6667;84;1010.26;6.43738;189
1371975524;6/23/2013 8:18;14.3333;16.6667;84;1010.26;11.2654;268
1371975584;6/23/2013 8:19;14.3333;16.6667;83;1010.23;11.2654;290
1371975642;6/23/2013 8:20;14.3889;16.6667;83;1010.3;3.21869;202
1371975702;6/23/2013 8:21;14.4444;16.6667;83;1010.23;4.82803;137
1371975764;6/23/2013 8:22;14.5;16.6667;84;1010.3;6.43738;245
1371975824;6/23/2013 8:23;14.5556;16.6667;84;1010.26;4.82803;227
1371975884;6/23/2013 8:24;14.6111;16.6667;83;1010.23;6.43738;193
1371975944;6/23/2013 8:25;14.6667;16.6667;83;1010.26;4.82803;135
1371976002;6/23/2013 8:26;14.7222;16.6667;83;1010.23;6.43738;344
1371976062;6/23/2013 8:27;14.7222;17.2222;81;1010.23;8.04672;291
1371976122;6/23/2013 8:28;14.7222;17.2222;81;1010.2;6.43738;170
1371976184;6/23/2013 8:29;14.7222;17.2222;82;1010.26;3.21869;194
1371976244;6/23/2013 8:30;14.7222;17.2222;82;1010.26;6.43738;284
1371976304;6/23/2013 8:31;14.7778;17.2222;82;1010.3;8.04672;355
1371976364;6/23/2013 8:32;14.7778;17.2222;82;1010.3;4.82803;187
1371976422;6/23/2013 8:33;14.7778;17.2222;82;1010.26;3.21869;219
1371976482;6/23/2013 8:34;14.7778;17.2222;82;1010.26;8.04672;282
1371976542;6/23/2013 8:35;14.7778;17.2222;81;1010.23;12.8748;245
1371976604;6/23/2013 8:36;14.7778;17.2222;81;1010.3;11.2654;258
1371976664;6/23/2013 8:37;14.7778;17.2222;81;1010.3;9.65606;345
1371976722;6/23/2013 8:38;14.8333;17.2222;81;1010.37;6.43738;313
1371976784;6/23/2013 8:39;14.8333;17.2222;80;1010.4;12.8748;279
1371976844;6/23/2013 8:40;14.8333;17.2222;80;1010.37;3.21869;215
1371976902;6/23/2013 8:41;14.8333;17.2222;80;1010.37;6.43738;186
1371976962;6/23/2013 8:42;14.8889;17.2222;80;1010.37;6.43738;355
1371977022;6/23/2013 8:43;14.9444;17.2222;80;1010.37;6.43738;148
1371977084;6/23/2013 8:44;14.9444;17.2222;79;1010.37;3.21869;244
1371977142;6/23/2013 8:45;14.9444;17.2222;80;1010.33;12.8748;277
1371977204;6/23/2013 8:46;15;17.2222;80;1010.33;3.21869;321
1371977264;6/23/2013 8:47;15;17.2222;80;1010.37;11.2654;155
1371977322;6/23/2013 8:48;15.0556;17.2222;79;1010.33;11.2654;263
1371977382;6/23/2013 8:49;15.0556;17.2222;78;1010.33;12.8748;153
1371977442;6/23/2013 8:50;15.1111;17.2222;78;1010.33;12.8748;238
1371977504;6/23/2013 8:51;15.1111;17.2222;78;1010.33;8.04672;34
1371977564;6/23/2013 8:52;15.1111;17.2222;78;1010.3;6.43738;175
1371977624;6/23/2013 8:53;15.1667;17.2222;79;1010.37;3.21869;184
1371977684;6/23/2013 8:54;15.2222;17.2222;79;1010.3;4.82803;161
1371977742;6/23/2013 8:55;15.2778;17.2222;78;1010.3;14.4841;276
1371977802;6/23/2013 8:56;15.3333;17.2222;77;1010.33;8.04672;274
1371977862;6/23/2013 8:57;15.3889;17.2222;76;1010.26;3.21869;277
1371977924;6/23/2013 8:58;15.4444;17.2222;77;1010.3;9.65606;271
1371977984;6/23/2013 8:59;15.5556;17.2222;77;1010.3;6.43738;188
1371978044;6/23/2013 9:00;15.6667;17.2222;77;1010.33;17.7028;273
1371978104;6/23/2013 9:01;15.7222;17.2222;77;1010.33;17.7028;217
1371978162;6/23/2013 9:02;15.7222;17.2222;75;1010.2;9.65606;268
1371978222;6/23/2013 9:03;15.7222;17.2222;76;1010.3;16.0934;294
1371978284;6/23/2013 9:04;15.7222;17.2222;75;1010.33;24.1402;219
1371978344;6/23/2013 9:05;15.7222;17.2222;75;1010.33;11.2654;168
1371978404;6/23/2013 9:06;15.6667;17.2222;76;1010.3;9.65606;225
1371978462;6/23/2013 9:07;15.6667;17.2222;76;1010.3;4.82803;167
1371978524;6/23/2013 9:08;15.6667;17.2222;75;1010.3;11.2654;355
1371978582;6/23/2013 9:09;15.6667;17.2222;75;1010.37;16.0934;229
1371978642;6/23/2013 9:10;15.6667;17.2222;75;1010.23;6.43738;298
1371978704;6/23/2013 9:11;15.6667;17.2222;75;1010.43;16.0934;344
1371978764;6/23/2013 9:12;15.7222;17.2222;75;1010.33;9.65606;268
1371978824;6/23/2013 9:13;15.7778;17.2222;75;1010.37;19.3121;274
1371978882;6/23/2013 9:14;15.8333;17.2222;75;1010.4;6.43738;28
1371978944;6/23/2013 9:15;15.9444;17.2222;75;1010.4;17.7028;288
1371979002;6/23/2013 9:16;16;17.2222;75;1010.37;8.04672;291
1371979062;6/23/2013 9:17;16.1111;17.2222;75;1010.37;3.21869;240
1371979124;6/23/2013 9:18;16.2222;17.2222;76;1010.37;6.43738;261
1371979182;6/23/2013 9:19;16.2778;17.2222;73;1010.3;8.04672;237
1371979244;6/23/2013 9:20;16.3333;17.2222;74;1010.3;6.43738;260
1371979304;6/23/2013 9:21;16.3889;17.2222;72;1010.4;11.2654;287
1371979364;6/23/2013 9:22;16.3333;17.2222;72;1010.3;9.65606;268
1371979422;6/23/2013 9:23;16.2778;17.2222;72;1010.37;8.04672;233
1371979482;6/23/2013 9:24;16.2222;17.2222;72;1010.4;17.7028;298
1371979544;6/23/2013 9:25;16.1111;17.2222;72;1010.33;16.0934;302
1371979602;6/23/2013 9:26;16.0556;17.2222;73;1010.37;4.82803;232
1371979664;6/23/2013 9:27;16;17.2222;73;1010.4;19.3121;284
1371979724;6/23/2013 9:28;15.9444;17.2222;74;1010.47;9.65606;5
1371979784;6/23/2013 9:29;15.9444;17.2222;74;1010.47;9.65606;212
1371979842;6/23/2013 9:30;15.8889;17.2222;75;1010.54;8.04672;213
1371979902;6/23/2013 9:31;15.8889;17.2222;77;1010.54;8.04672;285
1371979964;6/23/2013 9:32;15.8333;17.2222;77;1010.5;11.2654;263
1371980024;6/23/2013 9:33;15.7778;17.2222;77;1010.5;8.04672;242
1371980084;6/23/2013 9:34;15.6667;17.2222;77;1010.47;17.7028;292
1371980144;6/23/2013 9:35;15.6111;17.2222;77;1010.54;14.4841;278
1371980202;6/23/2013 9:36;15.5556;17.2222;78;1010.6;9.65606;234
1371980262;6/23/2013 9:37;15.5;17.2222;78;1010.57;8.04672;329
1371980322;6/23/2013 9:38;15.5;17.2222;79;1010.6;4.82803;205
1371980384;6/23/2013 9:39;15.5;17.2222;79;1010.6;1.60934;177
1371980444;6/23/2013 9:40;15.5;17.2222;78;1010.6;6.43738;148
1371980504;6/23/2013 9:41;15.5556;17.2222;79;1010.64;4.82803;265
1371980564;6/23/2013 9:42;15.6111;17.2222;77;1010.6;9.65606;262
1371980622;6/23/2013 9:43;15.6667;17.2222;76;1010.6;3.21869;318
1371980682;6/23/2013 9:44;15.7778;17.2222;76;1010.6;12.8748;284
1371980744;6/23/2013 9:45;15.8333;17.2222;76;1010.6;4.82803;142
1371980804;6/23/2013 9:46;15.9444;17.2222;76;1010.5;17.7028;355
1371980864;6/23/2013 9:47;16.0556;17.2222;75;1010.57;12.8748;268
1371980922;6/23/2013 9:48;16.1111;17.2222;74;1010.57;9.65606;332
1371980984;6/23/2013 9:49;16.1667;17.2222;74;1010.54;11.2654;277
1371981044;6/23/2013 9:50;16.2222;17.2222;75;1010.6;4.82803;194
1371981102;6/23/2013 9:51;16.3333;17.2222;74;1010.54;11.2654;205
1371981164;6/23/2013 9:52;16.3889;17.2222;73;1010.54;12.8748;277
1371981222;6/23/2013 9:53;16.5556;17.2222;71;1010.43;8.04672;236
1371981284;6/23/2013 9:54;16.6667;17.2222;71;1010.54;20.9215;259
1371981344;6/23/2013 9:55;16.7778;17.7778;69;1010.43;11.2654;333
1371981404;6/23/2013 9:56;16.8333;17.7778;70;1010.43;12.8748;265
1371981464;6/23/2013 9:57;16.8889;17.7778;68;1010.4;16.0934;190
1371981522;6/23/2013 9:58;16.9444;17.7778;69;1010.43;6.43738;282
1371981584;6/23/2013 9:59;16.9444;17.7778;68;1010.5;16.0934;221
1371981642;6/23/2013 10:00;17;17.7778;68;1010.37;17.7028;232
1371981704;6/23/2013 10:01;17;17.7778;67;1010.47;14.4841;263
1371981764;6/23/2013 10:02;16.9444;17.7778;67;1010.3;6.43738;255
1371981824;6/23/2013 10:03;16.9444;17.7778;68;1010.37;9.65606;276
1371981884;6/23/2013 10:04;17;17.7778;68;1010.33;6.43738;183
1371981942;6/23/2013 10:05;17.0556;17.7778;68;1010.4;20.9215;275
1371982004;6/23/2013 10:06;17.1111;17.7778;69;1010.4;12.8748;262
1371982064;6/23/2013 10:07;17.1667;17.7778;67;1010.47;12.8748;267
1371982124;6/23/2013 10:08;17.1667;17.7778;67;1010.43;11.2654;177
1371982184;6/23/2013 10:09;17.1667;17.7778;68;1010.47;6.43738;191
1371982244;6/23/2013 10:10;17.1667;17.7778;68;1010.43;9.65606;237
1371982304;6/23/2013 10:11;17.1667;17.7778;67;1010.43;14.4841;140
1371982362;6/23/2013 10:12;17.0556;17.7778;66;1010.43;6.43738;311
1371982424;6/23/2013 10:13;17;17.7778;67;1010.6;16.0934;94
1371982484;6/23/2013 10:14;16.9444;17.7778;67;1010.5;9.65606;263
1371982544;6/23/2013 10:15;16.8889;17.7778;67;1010.6;14.4841;175
1371982604;6/23/2013 10:16;16.8333;17.7778;68;1010.5;8.04672;211
1371982662;6/23/2013 10:17;16.8333;17.7778;69;1010.6;4.82803;285
1371982724;6/23/2013 10:18;16.7778;17.7778;69;1010.64;14.4841;253
1371982782;6/23/2013 10:19;16.7222;17.7778;69;1010.57;11.2654;165
1371982844;6/23/2013 10:20;16.6667;18.3333;70;1010.57;9.65606;170
1371982904;6/23/2013 10:21;16.6111;18.3333;71;1010.67;14.4841;45
1371982964;6/23/2013 10:22;16.5556;18.3333;71;1010.7;6.43738;206
1371983024;6/23/2013 10:23;16.5556;18.3333;72;1010.7;9.65606;187
1371983082;6/23/2013 10:24;16.5;18.3333;73;1010.6;12.8748;254
1371983144;6/23/2013 10:25;16.5;18.3333;72;1010.74;11.2654;178
1371983202;6/23/2013 10:26;16.4444;18.3333;72;1010.64;16.0934;273
1371983264;6/23/2013 10:27;16.3333;18.3333;71;1010.67;9.65606;144
1371983324;6/23/2013 10:28;16.2778;18.3333;71;1010.7;6.43738;229
1371983382;6/23/2013 10:29;16.2222;18.3333;72;1010.7;6.43738;248
1371983444;6/23/2013 10:30;16.2222;18.3333;72;1010.7;16.0934;298
1371983504;6/23/2013 10:31;16.2778;18.3333;73;1010.74;1.60934;261
1371983564;6/23/2013 10:32;16.3333;18.3333;72;1010.67;12.8748;165
1371983622;6/23/2013 10:33;16.3333;18.3333;72;1010.7;3.21869;205
1371983684;6/23/2013 10:34;16.4444;18.3333;73;1010.67;9.65606;190
1371983744;6/23/2013 10:35;16.4444;18.3333;72;1010.6;14.4841;241
1371983804;6/23/2013 10:36;16.4444;18.3333;71;1010.67;9.65606;281
1371983864;6/23/2013 10:37;16.4444;18.3333;73;1010.7;4.82803;144
1371983924;6/23/2013 10:38;16.5;18.3333;73;1010.67;4.82803;180
1371983984;6/23/2013 10:39;16.5556;18.3333;73;1010.67;9.65606;244
1371984042;6/23/2013 10:40;16.6111;18.8889;73;1010.67;16.0934;130
1371984102;6/23/2013 10:41;16.6667;18.8889;71;1010.57;14.4841;246
1371984164;6/23/2013 10:42;16.6667;18.8889;72;1010.64;4.82803;278
1371984224;6/23/2013 10:43;16.6667;18.8889;71;1010.6;8.04672;199
1371984284;6/23/2013 10:44;16.6667;18.8889;71;1010.67;6.43738;195
1371984344;6/23/2013 10:45;16.6667;18.8889;71;1010.7;8.04672;226
1371984402;6/23/2013 10:46;16.7222;18.8889;72;1010.64;12.8748;333
1371984462;6/23/2013 10:47;16.7778;18.8889;71;1010.67;9.65606;275
1371984524;6/23/2013 10:48;16.7778;18.8889;71;1010.64;17.7028;227
1371984584;6/23/2013 10:49;16.8333;18.8889;71;1010.57;6.43738;209
1371984644;6/23/2013 10:50;16.8333;18.8889;71;1010.6;6.43738;245
1371984704;6/23/2013 10:51;16.8889;18.8889;71;1010.67;6.43738;179
1371984764;6/23/2013 10:52;16.8889;18.8889;72;1010.67;6.43738;185
1371984822;6/23/2013 10:53;16.8889;18.8889;72;1010.67;8.04672;182
1371984882;6/23/2013 10:54;16.8889;18.8889;73;1010.7;6.43738;226
1371984944;6/23/2013 10:55;16.8889;18.8889;73;1010.74;11.2654;214
1371985004;6/23/2013 10:56;16.8889;18.8889;72;1010.74;9.65606;234
1371985064;6/23/2013 10:57;16.8889;18.8889;72;1010.67;24.1402;253
1371985122;6/23/2013 10:58;16.8889;18.8889;73;1010.7;12.8748;213
1371985184;6/23/2013 10:59;16.8889;18.8889;73;1010.7;16.0934;236
1371985244;6/23/2013 11:00;16.9444;18.8889;72;1010.67;11.2654;260
1371985302;6/23/2013 11:01;16.9444;18.8889;72;1010.67;12.8748;222
1371985364;6/23/2013 11:02;16.9444;18.8889;72;1010.7;14.4841;269
1371985424;6/23/2013 11:03;16.8889;18.8889;71;1010.67;11.2654;277
1371985484;6/23/2013 11:04;16.8889;18.8889;71;1010.7;14.4841;172
1371985542;6/23/2013 11:05;16.8333;18.8889;69;1010.67;8.04672;165
1371985604;6/23/2013 11:06;16.7778;18.8889;67;1010.67;8.04672;193
1371985664;6/23/2013 11:07;16.7222;18.8889;67;1010.64;8.04672;233
1371985722;6/23/2013 11:08;16.7222;18.8889;68;1010.64;8.04672;289
1371985784;6/23/2013 11:09;16.7222;18.8889;68;1010.64;11.2654;274
1371985842;6/23/2013 11:10;16.7778;18.8889;68;1010.6;11.2654;203
1371985904;6/23/2013 11:11;16.7778;18.8889;69;1010.57;9.65606;189
1371985964;6/23/2013 11:12;16.7778;18.8889;68;1010.6;3.21869;338
1371986024;6/23/2013 11:13;16.7778;18.8889;69;1010.67;4.82803;350
1371986084;6/23/2013 11:14;16.7778;18.8889;69;1010.64;4.82803;165
1371986142;6/23/2013 11:15;16.7778;18.8889;70;1010.67;12.8748;242
1371986204;6/23/2013 11:16;16.7778;18.8889;70;1010.6;9.65606;235
1371986264;6/23/2013 11:17;16.8333;18.8889;71;1010.67;6.43738;250
1371986324;6/23/2013 11:18;16.8333;18.8889;69;1010.67;11.2654;360
1371986384;6/23/2013 11:19;16.8333;18.8889;68;1010.7;12.8748;274
1371986444;6/23/2013 11:20;16.8889;18.8889;70;1010.7;12.8748;347
1371986504;6/23/2013 11:21;16.8889;18.8889;69;1010.7;4.82803;207
1371986562;6/23/2013 11:22;16.9444;18.8889;68;1010.67;9.65606;290
1371986624;6/23/2013 11:23;16.9444;18.8889;68;1010.57;11.2654;269
1371986684;6/23/2013 11:24;16.9444;18.8889;68;1010.64;11.2654;326
1371986744;6/23/2013 11:25;16.9444;18.8889;68;1010.81;8.04672;294
1371986804;6/23/2013 11:26;16.9444;18.8889;68;1010.77;8.04672;209
1371986862;6/23/2013 11:27;16.9444;18.8889;69;1010.7;9.65606;244
1371986924;6/23/2013 11:28;17;18.8889;68;1010.81;8.04672;30
1371986982;6/23/2013 11:29;17.0556;18.8889;68;1010.7;9.65606;175
1371987044;6/23/2013 11:30;17.1667;19.4444;68;1010.7;4.82803;271
1371987104;6/23/2013 11:31;17.1667;19.4444;67;1010.74;14.4841;292
1371987164;6/23/2013 11:32;17.2778;19.4444;68;1010.81;14.4841;269
1371987224;6/23/2013 11:33;17.3333;19.4444;67;1010.74;14.4841;239
1371987282;6/23/2013 11:34;17.3889;19.4444;66;1010.74;11.2654;269
1371987344;6/23/2013 11:35;17.3889;19.4444;66;1010.74;9.65606;194
1371987402;6/23/2013 11:36;17.4444;19.4444;66;1010.67;9.65606;181
1371987464;6/23/2013 11:37;17.4444;19.4444;66;1010.64;9.65606;236
1371987524;6/23/2013 11:38;17.3889;19.4444;66;1010.81;3.21869;201
1371987582;6/23/2013 11:39;17.3889;19.4444;67;1010.74;8.04672;172
1371987644;6/23/2013 11:40;17.3333;19.4444;67;1010.81;11.2654;297
1371987704;6/23/2013 11:41;17.2778;19.4444;68;1010.91;3.21869;219
1371987764;6/23/2013 11:42;17.1667;19.4444;69;1010.94;8.04672;120
1371987822;6/23/2013 11:43;17;19.4444;69;1010.91;6.43738;198
1371987884;6/23/2013 11:44;16.8333;19.4444;69;1010.94;4.82803;189
1371987944;6/23/2013 11:45;16.7222;19.4444;70;1011.01;4.82803;201
1371988002;6/23/2013 11:46;16.5;19.4444;74;1010.91;14.4841;233
1371988064;6/23/2013 11:47;16.2222;19.4444;77;1011.04;3.21869;161
1371988124;6/23/2013 11:48;16;18.8889;78;1011.08;8.04672;339
1371988184;6/23/2013 11:49;15.7222;18.8889;78;1011.11;6.43738;186
1371988242;6/23/2013 11:50;15.5;18.8889;80;1011.08;4.82803;288
1371988302;6/23/2013 11:51;15.3333;18.8889;80;1011.04;6.43738;297
1371988364;6/23/2013 11:52;15.2778;18.8889;82;1011.04;3.21869;209
1371988424;6/23/2013 11:53;15.1667;18.8889;82;1011.04;3.21869;193
1371988484;6/23/2013 11:54;15.1111;18.8889;82;1011.01;11.2654;232
1371988544;6/23/2013 11:55;15.0556;18.8889;82;1011.01;11.2654;308
1371988604;6/23/2013 11:56;15.0556;18.8889;82;1011.08;11.2654;272
1371988662;6/23/2013 11:57;15.0556;18.8889;84;1011.04;3.21869;188
1371988722;6/23/2013 11:58;15.0556;18.8889;83;1011.01;8.04672;200
1371988784;6/23/2013 11:59;15.1667;18.8889;85;1011.04;4.82803;216
1371988844;6/23/2013 12:00;15.2222;18.8889;85;1011.04;8.04672;267
1371988904;6/23/2013 12:01;15.2778;18.8889;85;1011.01;3.21869;229
1371988964;6/23/2013 12:02;15.3889;18.8889;84;1011.01;4.82803;175
1371989022;6/23/2013 12:03;15.5;19.4444;85;1011.04;4.82803;148
1371989082;6/23/2013 12:04;15.5556;19.4444;82;1011.04;9.65606;153
1371989144;6/23/2013 12:05;15.6667;19.4444;82;1011.04;4.82803;239
1371989204;6/23/2013 12:06;15.7222;19.4444;84;1011.04;6.43738;267
1371989264;6/23/2013 12:07;15.8333;19.4444;84;1011.04;3.21869;248
1371989322;6/23/2013 12:08;15.8889;19.4444;83;1010.98;12.8748;266
1371989384;6/23/2013 12:09;15.9444;19.4444;80;1010.94;4.82803;189
1371989444;6/23/2013 12:10;15.9444;19.4444;81;1011.01;9.65606;186
1371989502;6/23/2013 12:11;15.9444;20;79;1010.98;19.3121;305
1371989564;6/23/2013 12:12;15.9444;20;79;1010.98;3.21869;166
1371989624;6/23/2013 12:13;15.9444;20;80;1011.04;8.04672;245
1371989684;6/23/2013 12:14;15.9444;20;79;1010.94;3.21869;205
1371989742;6/23/2013 12:15;15.9444;20;80;1011.08;6.43738;245
1371989804;6/23/2013 12:16;15.9444;20;80;1011.01;4.82803;209
1371989864;6/23/2013 12:17;16;20;80;1011.04;9.65606;179
1371989922;6/23/2013 12:18;16.0556;20;80;1011.08;4.82803;195
1371989984;6/23/2013 12:19;16.0556;20;79;1011.01;8.04672;241
1371990042;6/23/2013 12:20;16.0556;20;79;1011.01;12.8748;184
1371990104;6/23/2013 12:21;16.0556;20;79;1011.08;4.82803;11
1371990164;6/23/2013 12:22;16.1111;20;79;1011.04;4.82803;236
1371990224;6/23/2013 12:23;16.1111;20;79;1011.04;8.04672;317
1371990284;6/23/2013 12:24;16.1111;20;80;1011.01;8.04672;166
1371990342;6/23/2013 12:25;16.1667;20;79;1011.04;11.2654;192
1371990404;6/23/2013 12:26;16.2222;20;79;1011.01;6.43738;209
1371990462;6/23/2013 12:27;16.1667;20;77;1011.08;8.04672;193
1371990524;6/23/2013 12:28;16.2222;20.5556;78;1011.08;16.0934;247
1371990584;6/23/2013 12:29;16.2778;20.5556;78;1010.98;14.4841;232
1371990644;6/23/2013 12:30;16.2778;20.5556;77;1011.01;6.43738;190
1371990704;6/23/2013 12:31;16.3333;20.5556;78;1011.04;6.43738;234
1371990762;6/23/2013 12:32;16.4444;20.5556;78;1011.04;4.82803;188
1371990824;6/23/2013 12:33;16.5556;20.5556;78;1011.04;4.82803;194
1371990884;6/23/2013 12:34;16.6667;20.5556;78;1011.04;8.04672;198
1371990944;6/23/2013 12:35;16.7778;21.1111;77;1011.08;9.65606;165
1371991004;6/23/2013 12:36;16.8333;21.1111;75;1011.11;3.21869;259
1371991064;6/23/2013 12:37;16.8333;21.1111;76;1011.08;11.2654;236
1371991124;6/23/2013 12:38;17;21.1111;76;1010.98;3.21869;196
1371991182;6/23/2013 12:39;17.0556;21.1111;76;1011.08;3.21869;259
1371991243;6/23/2013 12:40;17.1667;21.1111;77;1011.15;8.04672;263
1371991303;6/23/2013 12:41;17.1667;21.6667;74;1011.25;14.4841;257
1371991363;6/23/2013 12:42;17.0556;21.6667;73;1011.28;14.4841;123
1371991423;6/23/2013 12:43;16.8333;21.1111;72;1011.31;12.8748;99
1371991482;6/23/2013 12:44;16.6111;21.1111;72;1011.31;11.2654;205
1371991543;6/23/2013 12:45;16.3333;21.1111;72;1011.35;8.04672;205
1371991602;6/23/2013 12:46;16.1111;21.1111;72;1011.35;6.43738;182
1371991664;6/23/2013 12:47;16;21.1111;73;1011.48;16.0934;254
1371991723;6/23/2013 12:48;15.7778;21.1111;73;1011.42;11.2654;141
1371991782;6/23/2013 12:49;15.6667;21.1111;74;1011.45;12.8748;276
1371991843;6/23/2013 12:50;15.5;21.1111;75;1011.48;17.7028;297
1371991903;6/23/2013 12:51;15.3889;21.1111;76;1011.52;11.2654;282
1371991963;6/23/2013 12:52;15.3333;21.1111;77;1011.45;11.2654;281
1371992022;6/23/2013 12:53;15.2778;21.1111;78;1011.55;3.21869;209
1371992083;6/23/2013 12:54;15.2778;20.5556;79;1011.62;11.2654;305
1371992143;6/23/2013 12:55;15.2222;20.5556;80;1011.55;8.04672;280
1371992202;6/23/2013 12:56;15.2222;20.5556;81;1011.55;6.43738;167
1371992263;6/23/2013 12:57;15.1667;20.5556;80;1011.55;8.04672;338
1371992323;6/23/2013 12:58;15.1111;20.5556;81;1011.59;8.04672;261
1371992383;6/23/2013 12:59;15.1667;20.5556;81;1011.59;1.60934;167
1371992442;6/23/2013 13:00;15.1111;20.5556;81;1011.59;16.0934;295
